from,relation,to
00_HOME.md,links_to,00_MODELO_MENTAL/A principal síntese - existem três fluxos diferentes
00_HOME.md,links_to,00_MODELO_MENTAL/Mapa - MOC - Backoffice
00_HOME.md,links_to,00_MODELO_MENTAL/Mapa - MOC - Comercial e Aquisição
00_HOME.md,links_to,00_MODELO_MENTAL/Mapa - MOC - Ecossistema
00_HOME.md,links_to,00_MODELO_MENTAL/Mapa - MOC - Financeiro
00_HOME.md,links_to,"00_MODELO_MENTAL/Mapa - MOC - Gestão, Pessoas e Indicadores"
00_HOME.md,links_to,00_MODELO_MENTAL/Mapa - MOC - Operação
00_HOME.md,links_to,00_MODELO_MENTAL/Mapa - MOC - Produtos
00_HOME.md,links_to,00_MODELO_MENTAL/Mapa - MOC - Risco e Confiabilidade
00_HOME.md,links_to,00_MODELO_MENTAL/Mapa - MOC - Tecnologia e Dados
00_HOME.md,links_to,00_MODELO_MENTAL/Mapa - MOC - Validação e Divergências
00_HOME.md,links_to,00_MODELO_MENTAL/Mapa - Mapa de informações para raciocinar sobre uma operação
00_HOME.md,links_to,00_MODELO_MENTAL/Mapa - O que ficou estabelecido e o que o acervo não entrega
00_HOME.md,links_to,01_ENTIDADES_E_ECOSSISTEMA/A cadeia de relacionamento importa
00_HOME.md,links_to,01_ENTIDADES_E_ECOSSISTEMA/As formas de trabalhar não são equivalentes
00_HOME.md,links_to,01_ENTIDADES_E_ECOSSISTEMA/O que significa ser um corban dentro deste acervo
00_HOME.md,links_to,01_ENTIDADES_E_ECOSSISTEMA/backoffice-ou-operacional
00_HOME.md,links_to,01_ENTIDADES_E_ECOSSISTEMA/banco
00_HOME.md,links_to,01_ENTIDADES_E_ECOSSISTEMA/cliente
00_HOME.md,links_to,01_ENTIDADES_E_ECOSSISTEMA/correspondente-bancario-corban
00_HOME.md,links_to,01_ENTIDADES_E_ECOSSISTEMA/gestor-da-operacao
00_HOME.md,links_to,01_ENTIDADES_E_ECOSSISTEMA/parceiro-indicador
00_HOME.md,links_to,01_ENTIDADES_E_ECOSSISTEMA/promotora-de-credito
00_HOME.md,links_to,01_ENTIDADES_E_ECOSSISTEMA/vendedor-ou-consultor
00_HOME.md,links_to,02_PUBLICOS_E_CONVENIOS/clt-e-credito-do-trabalhador
00_HOME.md,links_to,02_PUBLICOS_E_CONVENIOS/convenio-como-variavel-da-operacao
00_HOME.md,links_to,02_PUBLICOS_E_CONVENIOS/fgts-como-publico-e-produto
00_HOME.md,links_to,02_PUBLICOS_E_CONVENIOS/inss-como-contexto-operacional
00_HOME.md,links_to,02_PUBLICOS_E_CONVENIOS/servidores-publicos-como-publico
00_HOME.md,links_to,03_PRODUTOS/Antecipação do saque-aniversário do FGTS
00_HOME.md,links_to,03_PRODUTOS/Cartão consignado
00_HOME.md,links_to,03_PRODUTOS/Contrato novo e margem complementar
00_HOME.md,links_to,03_PRODUTOS/Crédito do trabalhador - consignado CLT
00_HOME.md,links_to,03_PRODUTOS/Portabilidade pura e portabilidade com refinanciamento
00_HOME.md,links_to,03_PRODUTOS/Produtos - mecanismos e consequências operacionais
00_HOME.md,links_to,03_PRODUTOS/Produtos adjacentes
00_HOME.md,links_to,03_PRODUTOS/Refinanciamento
00_HOME.md,links_to,04_COMERCIAL/As perguntas que precisam permanecer separadas
00_HOME.md,links_to,04_COMERCIAL/Carteira não é uma lista para disparo infinito
00_HOME.md,links_to,04_COMERCIAL/Comercial - mais do que um script
00_HOME.md,links_to,04_COMERCIAL/Origem da oportunidade e capacidade de atendimento
00_HOME.md,links_to,"04_COMERCIAL/Público, canal e momento"
00_HOME.md,links_to,04_COMERCIAL/Qualificar antes de comprometer a operação
00_HOME.md,links_to,04_COMERCIAL/Um “não” precisa de motivo
00_HOME.md,links_to,05_OPERACIONAL/Backoffice - a venda ainda precisa acontecer de verdade
00_HOME.md,links_to,05_OPERACIONAL/Formalização é um ponto de perda
00_HOME.md,links_to,05_OPERACIONAL/Passagem do comercial para o operacional
00_HOME.md,links_to,"05_OPERACIONAL/Portabilidade - controlar o estado, o tempo e a exceção"
00_HOME.md,links_to,06_FINANCEIRO/A base de cálculo vem antes do percentual
00_HOME.md,links_to,06_FINANCEIRO/Capital inicial não é capital para sobreviver
00_HOME.md,links_to,"06_FINANCEIRO/Diferimento, antecipação e coobrigação"
00_HOME.md,links_to,06_FINANCEIRO/Elegibilidade e conciliação
00_HOME.md,links_to,"06_FINANCEIRO/Financeiro - produção, receita, recebimento e lucro"
00_HOME.md,links_to,07_GESTAO_DA_OPERACAO/A operação observada na SOMA
00_HOME.md,links_to,07_GESTAO_DA_OPERACAO/Dois modelos diferentes convivem
00_HOME.md,links_to,07_GESTAO_DA_OPERACAO/Indicadores - perguntas antes dos números
00_HOME.md,links_to,"07_GESTAO_DA_OPERACAO/Pessoas, estrutura e aprendizagem"
00_HOME.md,links_to,07_GESTAO_DA_OPERACAO/Treinamento não termina no acesso ao curso
00_HOME.md,links_to,"08_TECNOLOGIA/Autocontratação, automação e IA"
00_HOME.md,links_to,08_TECNOLOGIA/Discadora e URA não dispensam gestão
00_HOME.md,links_to,08_TECNOLOGIA/Tecnologia - cada ferramenta resolve uma parte
00_HOME.md,links_to,09_RISCOS/Acesso é parte da qualidade operacional
00_HOME.md,links_to,"09_RISCOS/Conteúdo compreendido, mas não adotado"
00_HOME.md,links_to,09_RISCOS/Reclamação é também um problema de rastreabilidade
00_HOME.md,links_to,"09_RISCOS/Risco, qualidade e confiança"
00_HOME.md,links_to,10_SITUACOES_REAIS/banco-originador-reteve-a-portabilidade
00_HOME.md,links_to,10_SITUACOES_REAIS/carteira-existe-mas-nao-e-retrabalhada
00_HOME.md,links_to,10_SITUACOES_REAIS/cliente-aceitou-mas-nao-formalizou
00_HOME.md,links_to,10_SITUACOES_REAIS/cliente-demonstrou-interesse-mas-nao-enquadra
00_HOME.md,links_to,10_SITUACOES_REAIS/cliente-diz-nao-no-primeiro-contato
00_HOME.md,links_to,10_SITUACOES_REAIS/cliente-esta-inseguro-com-venda-digital
00_HOME.md,links_to,10_SITUACOES_REAIS/comissao-percentual-parece-boa-mas-a-base-e-diferente
00_HOME.md,links_to,10_SITUACOES_REAIS/contrato-pagou-mas-a-comissao-nao-apareceu
00_HOME.md,links_to,10_SITUACOES_REAIS/dado-historico-esta-sendo-tratado-como-regra-atual
00_HOME.md,links_to,10_SITUACOES_REAIS/discadora-gera-volume-mas-nao-resultado
00_HOME.md,links_to,10_SITUACOES_REAIS/muitos-leads-e-pouca-conversao
00_HOME.md,links_to,10_SITUACOES_REAIS/operacao-cresceu-mas-a-gestao-nao-acompanhou
00_HOME.md,links_to,10_SITUACOES_REAIS/portabilidade-aguardando-averbacao
00_HOME.md,links_to,10_SITUACOES_REAIS/producao-esta-alta-mas-o-caixa-nao-acompanha
00_HOME.md,links_to,10_SITUACOES_REAIS/proposta-esta-parada-na-esteira
00_HOME.md,links_to,10_SITUACOES_REAIS/proposta-foi-cancelada-por-regra-operacional
00_HOME.md,links_to,10_SITUACOES_REAIS/proposta-foi-digitada-mas-ainda-nao-pagou
00_HOME.md,links_to,10_SITUACOES_REAIS/sistema-de-consulta-mostra-informacao-divergente
00_HOME.md,links_to,10_SITUACOES_REAIS/venda-precisa-passar-do-comercial-para-o-operacional
00_HOME.md,links_to,10_SITUACOES_REAIS/vendedor-recebe-oportunidades-demais
00_HOME.md,links_to,11_PRINCIPIOS_DO_MERCADO/a-cadeia-de-relacionamento-muda-responsabilidades
00_HOME.md,links_to,11_PRINCIPIOS_DO_MERCADO/carteira-e-memoria-de-relacionamento
00_HOME.md,links_to,11_PRINCIPIOS_DO_MERCADO/comissao-exige-entender-a-base-antes-do-percentual
00_HOME.md,links_to,11_PRINCIPIOS_DO_MERCADO/confianca-do-cliente-e-componente-operacional
00_HOME.md,links_to,11_PRINCIPIOS_DO_MERCADO/consulta-nao-e-necessariamente-fonte-final-de-verdade
00_HOME.md,links_to,11_PRINCIPIOS_DO_MERCADO/excecoes-fazem-parte-do-processo-real
00_HOME.md,links_to,11_PRINCIPIOS_DO_MERCADO/formalizacao-faz-parte-da-conversao
00_HOME.md,links_to,11_PRINCIPIOS_DO_MERCADO/handoff-deve-preservar-o-que-foi-negociado
00_HOME.md,links_to,11_PRINCIPIOS_DO_MERCADO/interesse-nao-e-elegibilidade
00_HOME.md,links_to,11_PRINCIPIOS_DO_MERCADO/nao-existe-um-desenho-unico-de-equipe
00_HOME.md,links_to,11_PRINCIPIOS_DO_MERCADO/o-cerebro-deve-separar-pratica-observada-de-regra-universal
00_HOME.md,links_to,11_PRINCIPIOS_DO_MERCADO/o-motivo-do-nao-deve-ser-preservado
00_HOME.md,links_to,11_PRINCIPIOS_DO_MERCADO/producao-receita-recebimento-e-lucro-nao-sao-sinonimos
00_HOME.md,links_to,11_PRINCIPIOS_DO_MERCADO/produto-muda-o-fluxo
00_HOME.md,links_to,11_PRINCIPIOS_DO_MERCADO/rastreabilidade-reduz-cegueira-operacional
00_HOME.md,links_to,11_PRINCIPIOS_DO_MERCADO/regra-historica-nao-e-regra-vigente
00_HOME.md,links_to,11_PRINCIPIOS_DO_MERCADO/status-sem-tempo-responsavel-e-proxima-acao-e-insuficiente
00_HOME.md,links_to,11_PRINCIPIOS_DO_MERCADO/tecnologia-nao-elimina-gestao
00_HOME.md,links_to,11_PRINCIPIOS_DO_MERCADO/vendido-digitado-formalizado-pago-e-comissionado-sao-estados-diferentes
00_HOME.md,links_to,11_PRINCIPIOS_DO_MERCADO/volume-sem-capacidade-operacional-gera-desperdicio
00_HOME.md,links_to,12_LINGUAGEM_DO_MERCADO/averbacao
00_HOME.md,links_to,12_LINGUAGEM_DO_MERCADO/banco-originador
00_HOME.md,links_to,12_LINGUAGEM_DO_MERCADO/banco-proponente
00_HOME.md,links_to,12_LINGUAGEM_DO_MERCADO/carteira
00_HOME.md,links_to,12_LINGUAGEM_DO_MERCADO/comissao
00_HOME.md,links_to,12_LINGUAGEM_DO_MERCADO/contrato-novo
00_HOME.md,links_to,12_LINGUAGEM_DO_MERCADO/convenio
00_HOME.md,links_to,12_LINGUAGEM_DO_MERCADO/corban
00_HOME.md,links_to,12_LINGUAGEM_DO_MERCADO/crm
00_HOME.md,links_to,12_LINGUAGEM_DO_MERCADO/desaverbacao
00_HOME.md,links_to,12_LINGUAGEM_DO_MERCADO/digitacao
00_HOME.md,links_to,12_LINGUAGEM_DO_MERCADO/discadora
00_HOME.md,links_to,12_LINGUAGEM_DO_MERCADO/enriquecimento-de-dados
00_HOME.md,links_to,12_LINGUAGEM_DO_MERCADO/esteira
00_HOME.md,links_to,12_LINGUAGEM_DO_MERCADO/estorno
00_HOME.md,links_to,12_LINGUAGEM_DO_MERCADO/formalizacao
00_HOME.md,links_to,12_LINGUAGEM_DO_MERCADO/higienizacao-de-base
00_HOME.md,links_to,12_LINGUAGEM_DO_MERCADO/lead
00_HOME.md,links_to,12_LINGUAGEM_DO_MERCADO/mailing
00_HOME.md,links_to,12_LINGUAGEM_DO_MERCADO/margem-consignavel
00_HOME.md,links_to,12_LINGUAGEM_DO_MERCADO/margem
00_HOME.md,links_to,12_LINGUAGEM_DO_MERCADO/meu-inss
00_HOME.md,links_to,12_LINGUAGEM_DO_MERCADO/pendencia
00_HOME.md,links_to,12_LINGUAGEM_DO_MERCADO/portabilidade
00_HOME.md,links_to,12_LINGUAGEM_DO_MERCADO/producao
00_HOME.md,links_to,12_LINGUAGEM_DO_MERCADO/promotora
00_HOME.md,links_to,12_LINGUAGEM_DO_MERCADO/refinanciamento
00_HOME.md,links_to,12_LINGUAGEM_DO_MERCADO/repasse
00_HOME.md,links_to,12_LINGUAGEM_DO_MERCADO/retencao
00_HOME.md,links_to,12_LINGUAGEM_DO_MERCADO/roteiro-operacional
00_HOME.md,links_to,12_LINGUAGEM_DO_MERCADO/saldo-devedor
00_HOME.md,links_to,12_LINGUAGEM_DO_MERCADO/sistema-de-consulta
00_HOME.md,links_to,12_LINGUAGEM_DO_MERCADO/tomador
00_HOME.md,links_to,12_LINGUAGEM_DO_MERCADO/troco
00_HOME.md,links_to,12_LINGUAGEM_DO_MERCADO/ura-reversa
00_HOME.md,links_to,13_RELACOES/banco-promotora-corban-e-cliente
00_HOME.md,links_to,13_RELACOES/cliente-produto-e-convenio
00_HOME.md,links_to,13_RELACOES/comercial-operacional-e-financeiro
00_HOME.md,links_to,13_RELACOES/oportunidade-ate-pagamento
00_HOME.md,links_to,13_RELACOES/pagamento-ate-comissao
00_HOME.md,links_to,13_RELACOES/tecnologia-ao-longo-da-operacao
00_HOME.md,links_to,"14_DIVERGENCIAS_E_VALIDACAO/Dados, cálculos e regras que permanecem a validar"
00_HOME.md,links_to,14_DIVERGENCIAS_E_VALIDACAO/Divergências que precisam continuar visíveis
00_HOME.md,links_to,90_FONTES/CATALOGO/-4UN3eyRZEg
00_HOME.md,links_to,90_FONTES/CATALOGO/-GrzRgqMyAE
00_HOME.md,links_to,90_FONTES/CATALOGO/-e4TNFchxjk
00_HOME.md,links_to,90_FONTES/CATALOGO/-xpmCb7TugU
00_HOME.md,links_to,90_FONTES/CATALOGO/0ZEsFM5W4J8
00_HOME.md,links_to,90_FONTES/CATALOGO/0jhm6Cvc5QQ
00_HOME.md,links_to,90_FONTES/CATALOGO/0qiCSAQt10s
00_HOME.md,links_to,90_FONTES/CATALOGO/12iSXmjMWRA
00_HOME.md,links_to,90_FONTES/CATALOGO/13rLn-UjmUs
00_HOME.md,links_to,90_FONTES/CATALOGO/1HS7_Fd4tj0
00_HOME.md,links_to,90_FONTES/CATALOGO/1JbsIScv-L0
00_HOME.md,links_to,90_FONTES/CATALOGO/1P7rV8qMI5g
00_HOME.md,links_to,90_FONTES/CATALOGO/1TkD3WDzc4Q
00_HOME.md,links_to,90_FONTES/CATALOGO/1c0Uw3l4vKY
00_HOME.md,links_to,90_FONTES/CATALOGO/1cAc1gh6Ma0
00_HOME.md,links_to,90_FONTES/CATALOGO/1dOhmKf2_vI
00_HOME.md,links_to,90_FONTES/CATALOGO/1qFproDzHE4
00_HOME.md,links_to,90_FONTES/CATALOGO/2VIeu3I_BDY
00_HOME.md,links_to,90_FONTES/CATALOGO/2cSrFi--pMw
00_HOME.md,links_to,90_FONTES/CATALOGO/2e8bOe8rAtA
00_HOME.md,links_to,90_FONTES/CATALOGO/2tJYDZ5hvYA
00_HOME.md,links_to,90_FONTES/CATALOGO/312xSkqlx6E
00_HOME.md,links_to,90_FONTES/CATALOGO/3TKdj_19cVE
00_HOME.md,links_to,90_FONTES/CATALOGO/3U-KKU7bDwA
00_HOME.md,links_to,90_FONTES/CATALOGO/4ENJRs8ekQE
00_HOME.md,links_to,90_FONTES/CATALOGO/4H_XyNZWoB4
00_HOME.md,links_to,90_FONTES/CATALOGO/4Uw6eqcOSjs
00_HOME.md,links_to,90_FONTES/CATALOGO/4VRUfnDSeSM
00_HOME.md,links_to,90_FONTES/CATALOGO/5-LTc3NlQnI
00_HOME.md,links_to,90_FONTES/CATALOGO/5qcriRcYzoU
00_HOME.md,links_to,90_FONTES/CATALOGO/5rcLtw40xis
00_HOME.md,links_to,90_FONTES/CATALOGO/5uAHsAUtFmA
00_HOME.md,links_to,90_FONTES/CATALOGO/61K-UrdQv5Q
00_HOME.md,links_to,90_FONTES/CATALOGO/65zW7MSu4rg
00_HOME.md,links_to,90_FONTES/CATALOGO/6H_N_ZFSEUs
00_HOME.md,links_to,90_FONTES/CATALOGO/6HcJ0JB77wY
00_HOME.md,links_to,90_FONTES/CATALOGO/6O-4FIyE9ew
00_HOME.md,links_to,90_FONTES/CATALOGO/6U8SGxihknI
00_HOME.md,links_to,90_FONTES/CATALOGO/7JO1Lk_QEYI
00_HOME.md,links_to,90_FONTES/CATALOGO/7gHC90Jj7xc
00_HOME.md,links_to,90_FONTES/CATALOGO/7l7wJCJ-9YM
00_HOME.md,links_to,90_FONTES/CATALOGO/7nc__Z9L4Vc
00_HOME.md,links_to,90_FONTES/CATALOGO/8HMIEP9zolE
00_HOME.md,links_to,90_FONTES/CATALOGO/8I5UQObypYA
00_HOME.md,links_to,90_FONTES/CATALOGO/8V7bThJZuwg
00_HOME.md,links_to,90_FONTES/CATALOGO/8XP7LU5NZ-A
00_HOME.md,links_to,90_FONTES/CATALOGO/8cfFdr3_mxI
00_HOME.md,links_to,90_FONTES/CATALOGO/8m_IYVvYY-c
00_HOME.md,links_to,90_FONTES/CATALOGO/9D-OpgOhQKo
00_HOME.md,links_to,90_FONTES/CATALOGO/9UMcUdgPXtE
00_HOME.md,links_to,90_FONTES/CATALOGO/9jj0YYPQPQI
00_HOME.md,links_to,90_FONTES/CATALOGO/A43wSK_0Axo
00_HOME.md,links_to,90_FONTES/CATALOGO/AQPkr4Cc9t0
00_HOME.md,links_to,90_FONTES/CATALOGO/AW2-ScP9WAM
00_HOME.md,links_to,90_FONTES/CATALOGO/B-SrGu71Auk
00_HOME.md,links_to,90_FONTES/CATALOGO/BQHprqIG8II
00_HOME.md,links_to,90_FONTES/CATALOGO/BWRtYmmeGhg
00_HOME.md,links_to,90_FONTES/CATALOGO/B_pUYw5KEHU
00_HOME.md,links_to,90_FONTES/CATALOGO/CO17ckSzoa0
00_HOME.md,links_to,90_FONTES/CATALOGO/CZWVxVj4sws
00_HOME.md,links_to,90_FONTES/CATALOGO/CvKTD31Jnz8
00_HOME.md,links_to,90_FONTES/CATALOGO/D6eDTUD8v3I
00_HOME.md,links_to,90_FONTES/CATALOGO/DBYljcVEL-c
00_HOME.md,links_to,90_FONTES/CATALOGO/DEHg2psZQyk
00_HOME.md,links_to,90_FONTES/CATALOGO/DFipxwJCKEs
00_HOME.md,links_to,90_FONTES/CATALOGO/DUG5bCfhfPM
00_HOME.md,links_to,90_FONTES/CATALOGO/DoWjfg-Ya7M
00_HOME.md,links_to,90_FONTES/CATALOGO/E5f_VaOMx4o
00_HOME.md,links_to,90_FONTES/CATALOGO/EKHWE37k5RI
00_HOME.md,links_to,90_FONTES/CATALOGO/FacWGSXQLEE
00_HOME.md,links_to,90_FONTES/CATALOGO/Fkzz5JePGb4
00_HOME.md,links_to,90_FONTES/CATALOGO/GPrBygrTUsc
00_HOME.md,links_to,90_FONTES/CATALOGO/HElj4AJ8ujg
00_HOME.md,links_to,90_FONTES/CATALOGO/HTi6uilLObA
00_HOME.md,links_to,90_FONTES/CATALOGO/HeL2wHVsaFY
00_HOME.md,links_to,90_FONTES/CATALOGO/HmuoPY4InTM
00_HOME.md,links_to,90_FONTES/CATALOGO/IEAIgoV5YZs
00_HOME.md,links_to,90_FONTES/CATALOGO/IVIUSvp6pCk
00_HOME.md,links_to,90_FONTES/CATALOGO/Ib6FHHO2s24
00_HOME.md,links_to,90_FONTES/CATALOGO/JWK2aST8QtU
00_HOME.md,links_to,90_FONTES/CATALOGO/JiQ3fRMz4eg
00_HOME.md,links_to,90_FONTES/CATALOGO/JxUf1gTlWHY
00_HOME.md,links_to,90_FONTES/CATALOGO/KQ8DcEZzsic
00_HOME.md,links_to,90_FONTES/CATALOGO/KspjbI7fHmw
00_HOME.md,links_to,90_FONTES/CATALOGO/Kz6FmPOMfxA
00_HOME.md,links_to,90_FONTES/CATALOGO/L4HMn7czyLg
00_HOME.md,links_to,90_FONTES/CATALOGO/LFVXE1HCsBI
00_HOME.md,links_to,90_FONTES/CATALOGO/LivVNViVG0Q
00_HOME.md,links_to,90_FONTES/CATALOGO/M8hVgarGB0Y
00_HOME.md,links_to,90_FONTES/CATALOGO/MGOlGbGLqf4
00_HOME.md,links_to,90_FONTES/CATALOGO/MT3g5HSxoz8
00_HOME.md,links_to,90_FONTES/CATALOGO/MWlQa-fc4ZQ
00_HOME.md,links_to,90_FONTES/CATALOGO/MWrRf_6w30Q
00_HOME.md,links_to,90_FONTES/CATALOGO/MtxN_5YiW3A
00_HOME.md,links_to,90_FONTES/CATALOGO/MxAmuSFah5o
00_HOME.md,links_to,90_FONTES/CATALOGO/N1QMwTlmTQQ
00_HOME.md,links_to,90_FONTES/CATALOGO/N6MoNSUCoTQ
00_HOME.md,links_to,90_FONTES/CATALOGO/NKwVK8VVjYU
00_HOME.md,links_to,90_FONTES/CATALOGO/Nbum0mxHPTc
00_HOME.md,links_to,90_FONTES/CATALOGO/Np3osX1AiuQ
00_HOME.md,links_to,90_FONTES/CATALOGO/Np4e7r19i8s
00_HOME.md,links_to,90_FONTES/CATALOGO/O-NnOL1wos8
00_HOME.md,links_to,90_FONTES/CATALOGO/OFXVvWXdIJQ
00_HOME.md,links_to,90_FONTES/CATALOGO/OS-EnCHAmvw
00_HOME.md,links_to,90_FONTES/CATALOGO/O_AYL2rwzL0
00_HOME.md,links_to,90_FONTES/CATALOGO/OvzT0LcXTL0
00_HOME.md,links_to,90_FONTES/CATALOGO/P2P7ivBZwV8
00_HOME.md,links_to,90_FONTES/CATALOGO/P5RIz7PQ5Bw
00_HOME.md,links_to,90_FONTES/CATALOGO/PDW3cdQWAks
00_HOME.md,links_to,90_FONTES/CATALOGO/PMdcGwJfgr8
00_HOME.md,links_to,90_FONTES/CATALOGO/PWu63gzpBo4
00_HOME.md,links_to,90_FONTES/CATALOGO/Pe-ddX0grZc
00_HOME.md,links_to,90_FONTES/CATALOGO/PkM5BR5dQjQ
00_HOME.md,links_to,90_FONTES/CATALOGO/PxchmWE2JTw
00_HOME.md,links_to,90_FONTES/CATALOGO/QNtPEpg4ry4
00_HOME.md,links_to,90_FONTES/CATALOGO/QXQyXiUOUZU
00_HOME.md,links_to,90_FONTES/CATALOGO/QhfoOy6H0fg
00_HOME.md,links_to,90_FONTES/CATALOGO/R9bhu343Cj4
00_HOME.md,links_to,90_FONTES/CATALOGO/RIFZADd0q2M
00_HOME.md,links_to,90_FONTES/CATALOGO/R_WNdRrqA3k
00_HOME.md,links_to,90_FONTES/CATALOGO/Rfkd7jwPldo
00_HOME.md,links_to,90_FONTES/CATALOGO/S37_zA3UQ6k
00_HOME.md,links_to,90_FONTES/CATALOGO/S7kkFctlT_o
00_HOME.md,links_to,90_FONTES/CATALOGO/SUaANO3yqd8
00_HOME.md,links_to,90_FONTES/CATALOGO/SYBDpwDUh2s
00_HOME.md,links_to,90_FONTES/CATALOGO/ScNP5udQBAc
00_HOME.md,links_to,90_FONTES/CATALOGO/Sewayrpbg54
00_HOME.md,links_to,90_FONTES/CATALOGO/SmLA3_P5xYU
00_HOME.md,links_to,90_FONTES/CATALOGO/TDNpecj4BLw
00_HOME.md,links_to,90_FONTES/CATALOGO/Tx4RBiscWPo
00_HOME.md,links_to,90_FONTES/CATALOGO/TzlnRQL6Wyg
00_HOME.md,links_to,90_FONTES/CATALOGO/U88JvvYDw4Q
00_HOME.md,links_to,90_FONTES/CATALOGO/ULTdnUEbPpo
00_HOME.md,links_to,90_FONTES/CATALOGO/UxLo-jX-aF8
00_HOME.md,links_to,90_FONTES/CATALOGO/VyKGE7_ffdM
00_HOME.md,links_to,90_FONTES/CATALOGO/WLxElPV8qGc
00_HOME.md,links_to,90_FONTES/CATALOGO/WPS80xEVSXY
00_HOME.md,links_to,90_FONTES/CATALOGO/WoU3ROhMNbc
00_HOME.md,links_to,90_FONTES/CATALOGO/XhasXiAD_DU
00_HOME.md,links_to,90_FONTES/CATALOGO/Xyz6n0lVaGI
00_HOME.md,links_to,90_FONTES/CATALOGO/Y1OMmIFxdjY
00_HOME.md,links_to,90_FONTES/CATALOGO/Y5l4u-mhNao
00_HOME.md,links_to,90_FONTES/CATALOGO/YOI-G0UmPYw
00_HOME.md,links_to,90_FONTES/CATALOGO/YTuosC31jWU
00_HOME.md,links_to,90_FONTES/CATALOGO/YXEkvNLIx2g
00_HOME.md,links_to,90_FONTES/CATALOGO/YqwTaBUX1Do
00_HOME.md,links_to,90_FONTES/CATALOGO/Yz01xX73_dw
00_HOME.md,links_to,90_FONTES/CATALOGO/Z9NLrVIOHy0
00_HOME.md,links_to,90_FONTES/CATALOGO/ZjiCpLRtIgU
00_HOME.md,links_to,90_FONTES/CATALOGO/Zrfnwu71QzU
00_HOME.md,links_to,90_FONTES/CATALOGO/_PFG5386L6s
00_HOME.md,links_to,90_FONTES/CATALOGO/_VVILHDb9XU
00_HOME.md,links_to,90_FONTES/CATALOGO/_nFyM7I_Igg
00_HOME.md,links_to,90_FONTES/CATALOGO/_uyp3aZCgfk
00_HOME.md,links_to,90_FONTES/CATALOGO/_vqVgFWPDcQ
00_HOME.md,links_to,90_FONTES/CATALOGO/aJcHOtOZKYQ
00_HOME.md,links_to,90_FONTES/CATALOGO/aQ3sqf0j-X8
00_HOME.md,links_to,90_FONTES/CATALOGO/awHfxJT-9Mw
00_HOME.md,links_to,90_FONTES/CATALOGO/b0xZ1TDVs5Y
00_HOME.md,links_to,90_FONTES/CATALOGO/bheF7Pp9Ei4
00_HOME.md,links_to,90_FONTES/CATALOGO/cG_2TxueZKQ
00_HOME.md,links_to,90_FONTES/CATALOGO/cHpGepzp3DU
00_HOME.md,links_to,90_FONTES/CATALOGO/cPbQGyyyt_E
00_HOME.md,links_to,90_FONTES/CATALOGO/d-YnWqf65r4
00_HOME.md,links_to,90_FONTES/CATALOGO/d3ZrTW6lCkE
00_HOME.md,links_to,90_FONTES/CATALOGO/e1tUHZxjEZ8
00_HOME.md,links_to,90_FONTES/CATALOGO/e5tCbi_lKUY
00_HOME.md,links_to,90_FONTES/CATALOGO/eBGc7TD68m0
00_HOME.md,links_to,90_FONTES/CATALOGO/eCu9BPh0VPw
00_HOME.md,links_to,90_FONTES/CATALOGO/f7emyRQ2jrc
00_HOME.md,links_to,90_FONTES/CATALOGO/fJUhGcHtAnA
00_HOME.md,links_to,90_FONTES/CATALOGO/fPipFrLlhnE
00_HOME.md,links_to,90_FONTES/CATALOGO/fzLrOfzdwDs
00_HOME.md,links_to,90_FONTES/CATALOGO/gAloYbYARtI
00_HOME.md,links_to,90_FONTES/CATALOGO/gMTT0FRM_VA
00_HOME.md,links_to,90_FONTES/CATALOGO/gV_md5Z3MOk
00_HOME.md,links_to,90_FONTES/CATALOGO/gVmefxs9utM
00_HOME.md,links_to,90_FONTES/CATALOGO/g_3SWp1ZTik
00_HOME.md,links_to,90_FONTES/CATALOGO/gfv1CL4bDvk
00_HOME.md,links_to,90_FONTES/CATALOGO/gszi6menvaA
00_HOME.md,links_to,90_FONTES/CATALOGO/gwy6_-47cYo
00_HOME.md,links_to,90_FONTES/CATALOGO/h68gNHM2aKQ
00_HOME.md,links_to,90_FONTES/CATALOGO/hKNvjQehB8c
00_HOME.md,links_to,90_FONTES/CATALOGO/hVDQ6g-FJKk
00_HOME.md,links_to,90_FONTES/CATALOGO/hVG-hIGChPY
00_HOME.md,links_to,90_FONTES/CATALOGO/hX8K6EH_bTw
00_HOME.md,links_to,90_FONTES/CATALOGO/hopplqYQVbg
00_HOME.md,links_to,90_FONTES/CATALOGO/hvjxwlSUDS8
00_HOME.md,links_to,90_FONTES/CATALOGO/igSOHG-ewic
00_HOME.md,links_to,90_FONTES/CATALOGO/jCCFcr0LUQY
00_HOME.md,links_to,90_FONTES/CATALOGO/jICTfHiHs0M
00_HOME.md,links_to,90_FONTES/CATALOGO/jLBzYp_DFpI
00_HOME.md,links_to,90_FONTES/CATALOGO/jR7HqDgcbgU
00_HOME.md,links_to,90_FONTES/CATALOGO/jYgJEAVeVkg
00_HOME.md,links_to,90_FONTES/CATALOGO/jgRo1hzsNbU
00_HOME.md,links_to,90_FONTES/CATALOGO/jiDWdgAHjII
00_HOME.md,links_to,90_FONTES/CATALOGO/k1P6DwauJFk
00_HOME.md,links_to,90_FONTES/CATALOGO/kOac1JMjOXc
00_HOME.md,links_to,90_FONTES/CATALOGO/kYta547qt0Y
00_HOME.md,links_to,90_FONTES/CATALOGO/kkq13beQxrQ
00_HOME.md,links_to,90_FONTES/CATALOGO/klqqUW16ZKk
00_HOME.md,links_to,90_FONTES/CATALOGO/kp3zioWiQlc
00_HOME.md,links_to,90_FONTES/CATALOGO/kwZgh3IljJk
00_HOME.md,links_to,90_FONTES/CATALOGO/lF22lEIfXMA
00_HOME.md,links_to,90_FONTES/CATALOGO/lIFG-WiSsFg
00_HOME.md,links_to,90_FONTES/CATALOGO/lOvhBIPc1vA
00_HOME.md,links_to,90_FONTES/CATALOGO/llfWMGeLYA4
00_HOME.md,links_to,90_FONTES/CATALOGO/lodIKCrClXk
00_HOME.md,links_to,90_FONTES/CATALOGO/lqehMv0JQ_0
00_HOME.md,links_to,90_FONTES/CATALOGO/mXjSbSL3FPo
00_HOME.md,links_to,90_FONTES/CATALOGO/mabv7uX4nA4
00_HOME.md,links_to,90_FONTES/CATALOGO/nGHN5sODDeM
00_HOME.md,links_to,90_FONTES/CATALOGO/nnD-d5V_ShY
00_HOME.md,links_to,90_FONTES/CATALOGO/npMJIP5Te54
00_HOME.md,links_to,90_FONTES/CATALOGO/o6rhCeCdke4
00_HOME.md,links_to,90_FONTES/CATALOGO/oCmghETB7u0
00_HOME.md,links_to,90_FONTES/CATALOGO/oR8IKQGaAwc
00_HOME.md,links_to,90_FONTES/CATALOGO/oV8_ro58Bso
00_HOME.md,links_to,90_FONTES/CATALOGO/oq_7VkDPeGA
00_HOME.md,links_to,90_FONTES/CATALOGO/ozm7B-3Rvlo
00_HOME.md,links_to,90_FONTES/CATALOGO/ptVl_qTR48I
00_HOME.md,links_to,90_FONTES/CATALOGO/ptbLKpnbxCg
00_HOME.md,links_to,90_FONTES/CATALOGO/q1IA7EDNurs
00_HOME.md,links_to,90_FONTES/CATALOGO/qCM3XvIEIbQ
00_HOME.md,links_to,90_FONTES/CATALOGO/qFgAcnC9Wx0
00_HOME.md,links_to,90_FONTES/CATALOGO/qlu-rANP6Wk
00_HOME.md,links_to,90_FONTES/CATALOGO/qnoFFFZG68k
00_HOME.md,links_to,90_FONTES/CATALOGO/rNxRTd0u05Q
00_HOME.md,links_to,90_FONTES/CATALOGO/riFZB-vsFRw
00_HOME.md,links_to,90_FONTES/CATALOGO/rmnJC4L5WI4
00_HOME.md,links_to,90_FONTES/CATALOGO/roUOKbDG3PI
00_HOME.md,links_to,90_FONTES/CATALOGO/rtruzdMd7Hc
00_HOME.md,links_to,90_FONTES/CATALOGO/s67SlWV1Ems
00_HOME.md,links_to,90_FONTES/CATALOGO/sDYNRRUMf1Q
00_HOME.md,links_to,90_FONTES/CATALOGO/sIKQr7uKnwA
00_HOME.md,links_to,90_FONTES/CATALOGO/sL7_BNn-CUo
00_HOME.md,links_to,90_FONTES/CATALOGO/sbw6x8urVOg
00_HOME.md,links_to,90_FONTES/CATALOGO/t7EvafTo4ws
00_HOME.md,links_to,90_FONTES/CATALOGO/tB3ffpiu0-M
00_HOME.md,links_to,90_FONTES/CATALOGO/tLdCPHF5k8o
00_HOME.md,links_to,90_FONTES/CATALOGO/tNKw4o_0egM
00_HOME.md,links_to,90_FONTES/CATALOGO/uJy-0v_ve9k
00_HOME.md,links_to,90_FONTES/CATALOGO/uN3awhBBZIY
00_HOME.md,links_to,90_FONTES/CATALOGO/uWJ3UVGjyMM
00_HOME.md,links_to,90_FONTES/CATALOGO/uzUaZsXpz0o
00_HOME.md,links_to,90_FONTES/CATALOGO/vffHWn532dU
00_HOME.md,links_to,90_FONTES/CATALOGO/vjNnw6vCqjo
00_HOME.md,links_to,90_FONTES/CATALOGO/w-JYaMMb7Ug
00_HOME.md,links_to,90_FONTES/CATALOGO/wVTppP7FDi4
00_HOME.md,links_to,90_FONTES/CATALOGO/x0IwSi5VQhA
00_HOME.md,links_to,90_FONTES/CATALOGO/xAKP0_EyVk0
00_HOME.md,links_to,90_FONTES/CATALOGO/xPiWqZO1zOU
00_HOME.md,links_to,90_FONTES/CATALOGO/xXE_s5xy7FE
00_HOME.md,links_to,90_FONTES/CATALOGO/xyICNpQaVc0
00_HOME.md,links_to,90_FONTES/CATALOGO/yLXLjn5T97E
00_HOME.md,links_to,90_FONTES/CATALOGO/yXfBRNFD6LQ
00_HOME.md,links_to,90_FONTES/CATALOGO/zdWwxP7mS04
KB-03,supported_by,SRC-7JO1Lk_QEYI
KB-03,supported_by,SRC-S7kkFctlT_o
KB-03,supported_by,SRC-YqwTaBUX1Do
KB-03,supported_by,SRC-gMTT0FRM_VA
KB-03,supported_by,SRC-hX8K6EH_bTw
KB-03,supported_by,SRC-lqehMv0JQ_0
KB-03,supported_by,SRC-npMJIP5Te54
KB-03,supported_by,SRC-qlu-rANP6Wk
KB-03,supported_by,SRC-uzUaZsXpz0o
KB-03,links_to,90_FONTES/CATALOGO/hX8K6EH_bTw
KB-03,links_to,90_FONTES/CATALOGO/YqwTaBUX1Do
KB-03,links_to,90_FONTES/CATALOGO/gMTT0FRM_VA
KB-03,links_to,90_FONTES/CATALOGO/uzUaZsXpz0o
KB-03,links_to,90_FONTES/CATALOGO/lqehMv0JQ_0
KB-03,links_to,90_FONTES/CATALOGO/S7kkFctlT_o
KB-03,links_to,90_FONTES/CATALOGO/qlu-rANP6Wk
KB-03,links_to,90_FONTES/CATALOGO/7JO1Lk_QEYI
KB-03,links_to,90_FONTES/CATALOGO/npMJIP5Te54
KB-03,links_to,00_MODELO_MENTAL/Mapa - MOC - Operação
MOC-18B988EC,links_to,06_Backoffice/Backoffice - a venda ainda precisa acontecer de verdade
MOC-18B988EC,links_to,06_Backoffice/Formalização é um ponto de perda
MOC-18B988EC,links_to,06_Backoffice/Passagem do comercial para o operacional
MOC-18B988EC,links_to,"06_Backoffice/Portabilidade - controlar o estado, o tempo e a exceção"
MOC-18B988EC,links_to,00_HOME
MOC-A10C4065,links_to,05_Comercial/Carteira não é uma lista para disparo infinito
MOC-A10C4065,links_to,05_Comercial/Comercial - mais do que um script
MOC-A10C4065,links_to,05_Comercial/Origem da oportunidade e capacidade de atendimento
MOC-A10C4065,links_to,"05_Comercial/Público, canal e momento"
MOC-A10C4065,links_to,00_HOME
MOC-F95CC511,links_to,01_Ecossistema/A cadeia de relacionamento importa
MOC-F95CC511,links_to,01_Ecossistema/As formas de trabalhar não são equivalentes
MOC-F95CC511,links_to,01_Ecossistema/O que significa ser um corban dentro deste acervo
MOC-F95CC511,links_to,00_HOME
MOC-C12CE788,links_to,08_Financeiro/A base de cálculo vem antes do percentual
MOC-C12CE788,links_to,08_Financeiro/Capital inicial não é capital para sobreviver
MOC-C12CE788,links_to,"08_Financeiro/Diferimento, antecipação e coobrigação"
MOC-C12CE788,links_to,08_Financeiro/Elegibilidade e conciliação
MOC-C12CE788,links_to,"08_Financeiro/Financeiro - produção, receita, recebimento e lucro"
MOC-C12CE788,links_to,00_HOME
MOC-C133ABFD,links_to,07_Pessoas_e_Estrutura/A operação observada na SOMA
MOC-C133ABFD,links_to,07_Pessoas_e_Estrutura/Dois modelos diferentes convivem
MOC-C133ABFD,links_to,"07_Pessoas_e_Estrutura/Pessoas, estrutura e aprendizagem"
MOC-C133ABFD,links_to,07_Pessoas_e_Estrutura/Treinamento não termina no acesso ao curso
MOC-C133ABFD,links_to,10_Indicadores/Indicadores - perguntas antes dos números
MOC-C133ABFD,links_to,00_HOME
MOC-AA71F114,links_to,02_Operacao/A principal síntese - existem três fluxos diferentes
MOC-AA71F114,links_to,03_Qualificacao/As perguntas que precisam permanecer separadas
MOC-AA71F114,links_to,03_Qualificacao/Qualificar antes de comprometer a operação
MOC-AA71F114,links_to,03_Qualificacao/Um “não” precisa de motivo
MOC-AA71F114,links_to,00_HOME
MOC-7A2A833D,links_to,04_Produtos/Antecipação do saque-aniversário do FGTS
MOC-7A2A833D,links_to,04_Produtos/Cartão consignado
MOC-7A2A833D,links_to,04_Produtos/Contrato novo e margem complementar
MOC-7A2A833D,links_to,04_Produtos/Crédito do trabalhador - consignado CLT
MOC-7A2A833D,links_to,04_Produtos/Portabilidade pura e portabilidade com refinanciamento
MOC-7A2A833D,links_to,04_Produtos/Produtos adjacentes
MOC-7A2A833D,links_to,04_Produtos/Produtos - mecanismos e consequências operacionais
MOC-7A2A833D,links_to,04_Produtos/Refinanciamento
MOC-7A2A833D,links_to,00_HOME
MOC-241309E3,links_to,11_Risco_e_Confianca/Acesso é parte da qualidade operacional
MOC-241309E3,links_to,"11_Risco_e_Confianca/Conteúdo compreendido, mas não adotado"
MOC-241309E3,links_to,11_Risco_e_Confianca/Reclamação é também um problema de rastreabilidade
MOC-241309E3,links_to,"11_Risco_e_Confianca/Risco, qualidade e confiança"
MOC-241309E3,links_to,00_HOME
MOC-7AE46C67,links_to,"09_Tecnologia/Autocontratação, automação e IA"
MOC-7AE46C67,links_to,09_Tecnologia/Discadora e URA não dispensam gestão
MOC-7AE46C67,links_to,09_Tecnologia/Tecnologia - cada ferramenta resolve uma parte
MOC-7AE46C67,links_to,00_HOME
MOC-E7C70710,links_to,"12_Divergencias_e_Validacao/Dados, cálculos e regras que permanecem a validar"
MOC-E7C70710,links_to,12_Divergencias_e_Validacao/Divergências que precisam continuar visíveis
MOC-E7C70710,links_to,00_HOME
KB-15,supported_by,SRC-YqwTaBUX1Do
KB-15,supported_by,SRC-cG_2TxueZKQ
KB-15,supported_by,SRC-hX8K6EH_bTw
KB-15,supported_by,SRC-npMJIP5Te54
KB-15,links_to,90_FONTES/CATALOGO/hX8K6EH_bTw
KB-15,links_to,90_FONTES/CATALOGO/YqwTaBUX1Do
KB-15,links_to,90_FONTES/CATALOGO/cG_2TxueZKQ
KB-15,links_to,90_FONTES/CATALOGO/hX8K6EH_bTw
KB-15,links_to,90_FONTES/CATALOGO/npMJIP5Te54
KB-15,links_to,00_HOME
KB-16,supported_by,SRC-hX8K6EH_bTw
KB-16,supported_by,SRC-lOvhBIPc1vA
KB-16,supported_by,SRC-qlu-rANP6Wk
KB-16,links_to,90_FONTES/CATALOGO/hX8K6EH_bTw
KB-16,links_to,90_FONTES/CATALOGO/lOvhBIPc1vA
KB-16,links_to,90_FONTES/CATALOGO/qlu-rANP6Wk
KB-16,links_to,00_HOME
KB-02-02,supported_by,SRC-YXEkvNLIx2g
KB-02-02,supported_by,SRC-cG_2TxueZKQ
KB-02-02,supported_by,SRC-fPipFrLlhnE
KB-02-02,supported_by,SRC-kkq13beQxrQ
KB-02-02,supported_by,SRC-tLdCPHF5k8o
KB-02-02,links_to,90_FONTES/CATALOGO/tLdCPHF5k8o
KB-02-02,links_to,90_FONTES/CATALOGO/fPipFrLlhnE
KB-02-02,links_to,90_FONTES/CATALOGO/kkq13beQxrQ
KB-02-02,links_to,90_FONTES/CATALOGO/cG_2TxueZKQ
KB-02-02,links_to,90_FONTES/CATALOGO/YXEkvNLIx2g
KB-02-02,links_to,00_MODELO_MENTAL/Mapa - MOC - Ecossistema
KB-02-01,supported_by,SRC-k1P6DwauJFk
KB-02-01,supported_by,SRC-lF22lEIfXMA
KB-02-01,supported_by,SRC-llfWMGeLYA4
KB-02-01,supported_by,SRC-lodIKCrClXk
KB-02-01,links_to,90_FONTES/CATALOGO/k1P6DwauJFk
KB-02-01,links_to,90_FONTES/CATALOGO/llfWMGeLYA4
KB-02-01,links_to,90_FONTES/CATALOGO/lodIKCrClXk
KB-02-01,links_to,90_FONTES/CATALOGO/lF22lEIfXMA
KB-02-01,links_to,00_MODELO_MENTAL/Mapa - MOC - Ecossistema
KB-02,supported_by,SRC-CvKTD31Jnz8
KB-02,supported_by,SRC-WPS80xEVSXY
KB-02,supported_by,SRC-YXEkvNLIx2g
KB-02,supported_by,SRC-cG_2TxueZKQ
KB-02,supported_by,SRC-fPipFrLlhnE
KB-02,supported_by,SRC-k1P6DwauJFk
KB-02,supported_by,SRC-kkq13beQxrQ
KB-02,supported_by,SRC-lF22lEIfXMA
KB-02,supported_by,SRC-llfWMGeLYA4
KB-02,supported_by,SRC-lodIKCrClXk
KB-02,supported_by,SRC-ptbLKpnbxCg
KB-02,supported_by,SRC-tLdCPHF5k8o
KB-02,links_to,90_FONTES/CATALOGO/WPS80xEVSXY
KB-02,links_to,90_FONTES/CATALOGO/ptbLKpnbxCg
KB-02,links_to,90_FONTES/CATALOGO/CvKTD31Jnz8
KB-02,links_to,90_FONTES/CATALOGO/k1P6DwauJFk
KB-02,links_to,90_FONTES/CATALOGO/llfWMGeLYA4
KB-02,links_to,90_FONTES/CATALOGO/lodIKCrClXk
KB-02,links_to,90_FONTES/CATALOGO/lF22lEIfXMA
KB-02,links_to,90_FONTES/CATALOGO/tLdCPHF5k8o
KB-02,links_to,90_FONTES/CATALOGO/fPipFrLlhnE
KB-02,links_to,90_FONTES/CATALOGO/kkq13beQxrQ
KB-02,links_to,90_FONTES/CATALOGO/cG_2TxueZKQ
KB-02,links_to,90_FONTES/CATALOGO/YXEkvNLIx2g
KB-02,links_to,00_MODELO_MENTAL/Mapa - MOC - Ecossistema
ENTIDADE-backoffice-ou-operacional,supported_by,SRC-7JO1Lk_QEYI
ENTIDADE-backoffice-ou-operacional,supported_by,SRC-klqqUW16ZKk
ENTIDADE-backoffice-ou-operacional,supported_by,SRC-npMJIP5Te54
ENTIDADE-backoffice-ou-operacional,supported_by,SRC-uzUaZsXpz0o
ENTIDADE-backoffice-ou-operacional,links_to,90_FONTES/CATALOGO/7JO1Lk_QEYI
ENTIDADE-backoffice-ou-operacional,links_to,90_FONTES/CATALOGO/klqqUW16ZKk
ENTIDADE-backoffice-ou-operacional,links_to,90_FONTES/CATALOGO/npMJIP5Te54
ENTIDADE-backoffice-ou-operacional,links_to,90_FONTES/CATALOGO/uzUaZsXpz0o
ENTIDADE-banco,supported_by,SRC-YqwTaBUX1Do
ENTIDADE-banco,supported_by,SRC-cG_2TxueZKQ
ENTIDADE-banco,supported_by,SRC-fPipFrLlhnE
ENTIDADE-banco,supported_by,SRC-gMTT0FRM_VA
ENTIDADE-banco,supported_by,SRC-hX8K6EH_bTw
ENTIDADE-banco,supported_by,SRC-kkq13beQxrQ
ENTIDADE-banco,supported_by,SRC-tLdCPHF5k8o
ENTIDADE-banco,links_to,90_FONTES/CATALOGO/YqwTaBUX1Do
ENTIDADE-banco,links_to,90_FONTES/CATALOGO/cG_2TxueZKQ
ENTIDADE-banco,links_to,90_FONTES/CATALOGO/fPipFrLlhnE
ENTIDADE-banco,links_to,90_FONTES/CATALOGO/gMTT0FRM_VA
ENTIDADE-banco,links_to,90_FONTES/CATALOGO/hX8K6EH_bTw
ENTIDADE-banco,links_to,90_FONTES/CATALOGO/kkq13beQxrQ
ENTIDADE-banco,links_to,90_FONTES/CATALOGO/tLdCPHF5k8o
ENTIDADE-cliente,supported_by,SRC-CvKTD31Jnz8
ENTIDADE-cliente,supported_by,SRC-lF22lEIfXMA
ENTIDADE-cliente,links_to,90_FONTES/CATALOGO/CvKTD31Jnz8
ENTIDADE-cliente,links_to,90_FONTES/CATALOGO/lF22lEIfXMA
ENTIDADE-correspondente-bancario-corban,supported_by,SRC-4ENJRs8ekQE
ENTIDADE-correspondente-bancario-corban,supported_by,SRC-CvKTD31Jnz8
ENTIDADE-correspondente-bancario-corban,supported_by,SRC-GPrBygrTUsc
ENTIDADE-correspondente-bancario-corban,supported_by,SRC-hX8K6EH_bTw
ENTIDADE-correspondente-bancario-corban,supported_by,SRC-lOvhBIPc1vA
ENTIDADE-correspondente-bancario-corban,supported_by,SRC-qlu-rANP6Wk
ENTIDADE-correspondente-bancario-corban,links_to,90_FONTES/CATALOGO/4ENJRs8ekQE
ENTIDADE-correspondente-bancario-corban,links_to,90_FONTES/CATALOGO/CvKTD31Jnz8
ENTIDADE-correspondente-bancario-corban,links_to,90_FONTES/CATALOGO/GPrBygrTUsc
ENTIDADE-correspondente-bancario-corban,links_to,90_FONTES/CATALOGO/hX8K6EH_bTw
ENTIDADE-correspondente-bancario-corban,links_to,90_FONTES/CATALOGO/lOvhBIPc1vA
ENTIDADE-correspondente-bancario-corban,links_to,90_FONTES/CATALOGO/qlu-rANP6Wk
ENTIDADE-gestor-da-operacao,supported_by,SRC-cG_2TxueZKQ
ENTIDADE-gestor-da-operacao,supported_by,SRC-npMJIP5Te54
ENTIDADE-gestor-da-operacao,supported_by,SRC-7JO1Lk_QEYI
ENTIDADE-gestor-da-operacao,links_to,90_FONTES/CATALOGO/cG_2TxueZKQ
ENTIDADE-gestor-da-operacao,links_to,90_FONTES/CATALOGO/npMJIP5Te54
ENTIDADE-gestor-da-operacao,links_to,90_FONTES/CATALOGO/7JO1Lk_QEYI
ENTIDADE-parceiro-indicador,supported_by,SRC-5rcLtw40xis
ENTIDADE-parceiro-indicador,supported_by,SRC-B_pUYw5KEHU
ENTIDADE-parceiro-indicador,supported_by,SRC-N1QMwTlmTQQ
ENTIDADE-parceiro-indicador,supported_by,SRC-hVG-hIGChPY
ENTIDADE-parceiro-indicador,links_to,90_FONTES/CATALOGO/5rcLtw40xis
ENTIDADE-parceiro-indicador,links_to,90_FONTES/CATALOGO/B_pUYw5KEHU
ENTIDADE-parceiro-indicador,links_to,90_FONTES/CATALOGO/N1QMwTlmTQQ
ENTIDADE-parceiro-indicador,links_to,90_FONTES/CATALOGO/hVG-hIGChPY
ENTIDADE-promotora-de-credito,supported_by,SRC-cG_2TxueZKQ
ENTIDADE-promotora-de-credito,supported_by,SRC-fPipFrLlhnE
ENTIDADE-promotora-de-credito,supported_by,SRC-kkq13beQxrQ
ENTIDADE-promotora-de-credito,supported_by,SRC-qlu-rANP6Wk
ENTIDADE-promotora-de-credito,supported_by,SRC-tLdCPHF5k8o
ENTIDADE-promotora-de-credito,links_to,90_FONTES/CATALOGO/cG_2TxueZKQ
ENTIDADE-promotora-de-credito,links_to,90_FONTES/CATALOGO/fPipFrLlhnE
ENTIDADE-promotora-de-credito,links_to,90_FONTES/CATALOGO/kkq13beQxrQ
ENTIDADE-promotora-de-credito,links_to,90_FONTES/CATALOGO/qlu-rANP6Wk
ENTIDADE-promotora-de-credito,links_to,90_FONTES/CATALOGO/tLdCPHF5k8o
ENTIDADE-vendedor-ou-consultor,supported_by,SRC-7JO1Lk_QEYI
ENTIDADE-vendedor-ou-consultor,supported_by,SRC-WPS80xEVSXY
ENTIDADE-vendedor-ou-consultor,supported_by,SRC-lF22lEIfXMA
ENTIDADE-vendedor-ou-consultor,supported_by,SRC-npMJIP5Te54
ENTIDADE-vendedor-ou-consultor,supported_by,SRC-ptbLKpnbxCg
ENTIDADE-vendedor-ou-consultor,links_to,90_FONTES/CATALOGO/7JO1Lk_QEYI
ENTIDADE-vendedor-ou-consultor,links_to,90_FONTES/CATALOGO/WPS80xEVSXY
ENTIDADE-vendedor-ou-consultor,links_to,90_FONTES/CATALOGO/lF22lEIfXMA
ENTIDADE-vendedor-ou-consultor,links_to,90_FONTES/CATALOGO/npMJIP5Te54
ENTIDADE-vendedor-ou-consultor,links_to,90_FONTES/CATALOGO/ptbLKpnbxCg
CONTEXTO_PUBLICO-clt-e-credito-do-trabalhador,supported_by,SRC-cG_2TxueZKQ
CONTEXTO_PUBLICO-clt-e-credito-do-trabalhador,supported_by,SRC-SYBDpwDUh2s
CONTEXTO_PUBLICO-clt-e-credito-do-trabalhador,supported_by,SRC-kp3zioWiQlc
CONTEXTO_PUBLICO-clt-e-credito-do-trabalhador,supported_by,SRC-oq_7VkDPeGA
CONTEXTO_PUBLICO-clt-e-credito-do-trabalhador,links_to,90_FONTES/CATALOGO/cG_2TxueZKQ
CONTEXTO_PUBLICO-clt-e-credito-do-trabalhador,links_to,90_FONTES/CATALOGO/SYBDpwDUh2s
CONTEXTO_PUBLICO-clt-e-credito-do-trabalhador,links_to,90_FONTES/CATALOGO/kp3zioWiQlc
CONTEXTO_PUBLICO-clt-e-credito-do-trabalhador,links_to,90_FONTES/CATALOGO/oq_7VkDPeGA
CONTEXTO_PUBLICO-convenio-como-variavel-da-operacao,supported_by,SRC-hvjxwlSUDS8
CONTEXTO_PUBLICO-convenio-como-variavel-da-operacao,supported_by,SRC-uzUaZsXpz0o
CONTEXTO_PUBLICO-convenio-como-variavel-da-operacao,supported_by,SRC-kkq13beQxrQ
CONTEXTO_PUBLICO-convenio-como-variavel-da-operacao,links_to,90_FONTES/CATALOGO/hvjxwlSUDS8
CONTEXTO_PUBLICO-convenio-como-variavel-da-operacao,links_to,90_FONTES/CATALOGO/uzUaZsXpz0o
CONTEXTO_PUBLICO-convenio-como-variavel-da-operacao,links_to,90_FONTES/CATALOGO/kkq13beQxrQ
CONTEXTO_PUBLICO-fgts-como-publico-e-produto,supported_by,SRC-Np3osX1AiuQ
CONTEXTO_PUBLICO-fgts-como-publico-e-produto,supported_by,SRC-d3ZrTW6lCkE
CONTEXTO_PUBLICO-fgts-como-publico-e-produto,supported_by,SRC-eCu9BPh0VPw
CONTEXTO_PUBLICO-fgts-como-publico-e-produto,links_to,90_FONTES/CATALOGO/Np3osX1AiuQ
CONTEXTO_PUBLICO-fgts-como-publico-e-produto,links_to,90_FONTES/CATALOGO/d3ZrTW6lCkE
CONTEXTO_PUBLICO-fgts-como-publico-e-produto,links_to,90_FONTES/CATALOGO/eCu9BPh0VPw
CONTEXTO_PUBLICO-inss-como-contexto-operacional,supported_by,SRC-DUG5bCfhfPM
CONTEXTO_PUBLICO-inss-como-contexto-operacional,supported_by,SRC-JiQ3fRMz4eg
CONTEXTO_PUBLICO-inss-como-contexto-operacional,supported_by,SRC-uzUaZsXpz0o
CONTEXTO_PUBLICO-inss-como-contexto-operacional,supported_by,SRC-lOvhBIPc1vA
CONTEXTO_PUBLICO-inss-como-contexto-operacional,links_to,90_FONTES/CATALOGO/DUG5bCfhfPM
CONTEXTO_PUBLICO-inss-como-contexto-operacional,links_to,90_FONTES/CATALOGO/JiQ3fRMz4eg
CONTEXTO_PUBLICO-inss-como-contexto-operacional,links_to,90_FONTES/CATALOGO/uzUaZsXpz0o
CONTEXTO_PUBLICO-inss-como-contexto-operacional,links_to,90_FONTES/CATALOGO/lOvhBIPc1vA
CONTEXTO_PUBLICO-servidores-publicos-como-publico,supported_by,SRC-hvjxwlSUDS8
CONTEXTO_PUBLICO-servidores-publicos-como-publico,supported_by,SRC-kkq13beQxrQ
CONTEXTO_PUBLICO-servidores-publicos-como-publico,links_to,90_FONTES/CATALOGO/hvjxwlSUDS8
CONTEXTO_PUBLICO-servidores-publicos-como-publico,links_to,90_FONTES/CATALOGO/kkq13beQxrQ
KB-05-05,supported_by,SRC-Np3osX1AiuQ
KB-05-05,supported_by,SRC-ULTdnUEbPpo
KB-05-05,supported_by,SRC-Y1OMmIFxdjY
KB-05-05,supported_by,SRC-d3ZrTW6lCkE
KB-05-05,supported_by,SRC-eCu9BPh0VPw
KB-05-05,links_to,90_FONTES/CATALOGO/eCu9BPh0VPw
KB-05-05,links_to,90_FONTES/CATALOGO/d3ZrTW6lCkE
KB-05-05,links_to,90_FONTES/CATALOGO/Np3osX1AiuQ
KB-05-05,links_to,90_FONTES/CATALOGO/Y1OMmIFxdjY
KB-05-05,links_to,90_FONTES/CATALOGO/ULTdnUEbPpo
KB-05-05,links_to,00_MODELO_MENTAL/Mapa - MOC - Produtos
KB-05-04,supported_by,SRC-jCCFcr0LUQY
KB-05-04,supported_by,SRC-oV8_ro58Bso
KB-05-04,links_to,90_FONTES/CATALOGO/oV8_ro58Bso
KB-05-04,links_to,90_FONTES/CATALOGO/jCCFcr0LUQY
KB-05-04,links_to,90_FONTES/CATALOGO/jCCFcr0LUQY
KB-05-04,links_to,00_MODELO_MENTAL/Mapa - MOC - Produtos
KB-05-01,supported_by,SRC--xpmCb7TugU
KB-05-01,supported_by,SRC-4ENJRs8ekQE
KB-05-01,supported_by,SRC-Fkzz5JePGb4
KB-05-01,supported_by,SRC-GPrBygrTUsc
KB-05-01,supported_by,SRC-PkM5BR5dQjQ
KB-05-01,links_to,90_FONTES/CATALOGO/Fkzz5JePGb4
KB-05-01,links_to,90_FONTES/CATALOGO/-xpmCb7TugU
KB-05-01,links_to,90_FONTES/CATALOGO/PkM5BR5dQjQ
KB-05-01,links_to,90_FONTES/CATALOGO/4ENJRs8ekQE
KB-05-01,links_to,90_FONTES/CATALOGO/GPrBygrTUsc
KB-05-01,links_to,00_MODELO_MENTAL/Mapa - MOC - Produtos
KB-05-06,supported_by,SRC-SYBDpwDUh2s
KB-05-06,supported_by,SRC-kp3zioWiQlc
KB-05-06,supported_by,SRC-oq_7VkDPeGA
KB-05-06,supported_by,SRC-tNKw4o_0egM
KB-05-06,links_to,90_FONTES/CATALOGO/SYBDpwDUh2s
KB-05-06,links_to,90_FONTES/CATALOGO/oq_7VkDPeGA
KB-05-06,links_to,90_FONTES/CATALOGO/kp3zioWiQlc
KB-05-06,links_to,90_FONTES/CATALOGO/tNKw4o_0egM
KB-05-06,links_to,00_MODELO_MENTAL/Mapa - MOC - Produtos
KB-05-03,supported_by,SRC-DEHg2psZQyk
KB-05-03,supported_by,SRC-YqwTaBUX1Do
KB-05-03,supported_by,SRC-awHfxJT-9Mw
KB-05-03,supported_by,SRC-igSOHG-ewic
KB-05-03,links_to,90_FONTES/CATALOGO/awHfxJT-9Mw
KB-05-03,links_to,90_FONTES/CATALOGO/DEHg2psZQyk
KB-05-03,links_to,90_FONTES/CATALOGO/YqwTaBUX1Do
KB-05-03,links_to,90_FONTES/CATALOGO/igSOHG-ewic
KB-05-03,links_to,00_MODELO_MENTAL/Mapa - MOC - Produtos
KB-05,supported_by,SRC--xpmCb7TugU
KB-05,supported_by,SRC-4ENJRs8ekQE
KB-05,supported_by,SRC-5-LTc3NlQnI
KB-05,supported_by,SRC-B_pUYw5KEHU
KB-05,supported_by,SRC-D6eDTUD8v3I
KB-05,supported_by,SRC-DEHg2psZQyk
KB-05,supported_by,SRC-Fkzz5JePGb4
KB-05,supported_by,SRC-GPrBygrTUsc
KB-05,supported_by,SRC-N1QMwTlmTQQ
KB-05,supported_by,SRC-Np3osX1AiuQ
KB-05,supported_by,SRC-PkM5BR5dQjQ
KB-05,supported_by,SRC-SYBDpwDUh2s
KB-05,supported_by,SRC-ULTdnUEbPpo
KB-05,supported_by,SRC-Y1OMmIFxdjY
KB-05,supported_by,SRC-YOI-G0UmPYw
KB-05,supported_by,SRC-YqwTaBUX1Do
KB-05,supported_by,SRC-awHfxJT-9Mw
KB-05,supported_by,SRC-d3ZrTW6lCkE
KB-05,supported_by,SRC-eCu9BPh0VPw
KB-05,supported_by,SRC-igSOHG-ewic
KB-05,supported_by,SRC-jCCFcr0LUQY
KB-05,supported_by,SRC-kp3zioWiQlc
KB-05,supported_by,SRC-mabv7uX4nA4
KB-05,supported_by,SRC-oV8_ro58Bso
KB-05,supported_by,SRC-oq_7VkDPeGA
KB-05,supported_by,SRC-tNKw4o_0egM
KB-05,supported_by,SRC-uWJ3UVGjyMM
KB-05,links_to,90_FONTES/CATALOGO/Fkzz5JePGb4
KB-05,links_to,90_FONTES/CATALOGO/-xpmCb7TugU
KB-05,links_to,90_FONTES/CATALOGO/PkM5BR5dQjQ
KB-05,links_to,90_FONTES/CATALOGO/4ENJRs8ekQE
KB-05,links_to,90_FONTES/CATALOGO/GPrBygrTUsc
KB-05,links_to,90_FONTES/CATALOGO/YOI-G0UmPYw
KB-05,links_to,90_FONTES/CATALOGO/uWJ3UVGjyMM
KB-05,links_to,90_FONTES/CATALOGO/mabv7uX4nA4
KB-05,links_to,90_FONTES/CATALOGO/awHfxJT-9Mw
KB-05,links_to,90_FONTES/CATALOGO/DEHg2psZQyk
KB-05,links_to,90_FONTES/CATALOGO/YqwTaBUX1Do
KB-05,links_to,90_FONTES/CATALOGO/igSOHG-ewic
KB-05,links_to,90_FONTES/CATALOGO/oV8_ro58Bso
KB-05,links_to,90_FONTES/CATALOGO/jCCFcr0LUQY
KB-05,links_to,90_FONTES/CATALOGO/jCCFcr0LUQY
KB-05,links_to,90_FONTES/CATALOGO/eCu9BPh0VPw
KB-05,links_to,90_FONTES/CATALOGO/d3ZrTW6lCkE
KB-05,links_to,90_FONTES/CATALOGO/Np3osX1AiuQ
KB-05,links_to,90_FONTES/CATALOGO/Y1OMmIFxdjY
KB-05,links_to,90_FONTES/CATALOGO/ULTdnUEbPpo
KB-05,links_to,90_FONTES/CATALOGO/SYBDpwDUh2s
KB-05,links_to,90_FONTES/CATALOGO/oq_7VkDPeGA
KB-05,links_to,90_FONTES/CATALOGO/kp3zioWiQlc
KB-05,links_to,90_FONTES/CATALOGO/tNKw4o_0egM
KB-05,links_to,90_FONTES/CATALOGO/5-LTc3NlQnI
KB-05,links_to,90_FONTES/CATALOGO/D6eDTUD8v3I
KB-05,links_to,90_FONTES/CATALOGO/B_pUYw5KEHU
KB-05,links_to,90_FONTES/CATALOGO/N1QMwTlmTQQ
KB-05,links_to,00_MODELO_MENTAL/Mapa - MOC - Produtos
KB-05-07,supported_by,SRC-5-LTc3NlQnI
KB-05-07,supported_by,SRC-B_pUYw5KEHU
KB-05-07,supported_by,SRC-D6eDTUD8v3I
KB-05-07,supported_by,SRC-N1QMwTlmTQQ
KB-05-07,links_to,90_FONTES/CATALOGO/5-LTc3NlQnI
KB-05-07,links_to,90_FONTES/CATALOGO/D6eDTUD8v3I
KB-05-07,links_to,90_FONTES/CATALOGO/B_pUYw5KEHU
KB-05-07,links_to,90_FONTES/CATALOGO/N1QMwTlmTQQ
KB-05-07,links_to,00_MODELO_MENTAL/Mapa - MOC - Produtos
KB-05-02,supported_by,SRC-YOI-G0UmPYw
KB-05-02,supported_by,SRC-mabv7uX4nA4
KB-05-02,supported_by,SRC-uWJ3UVGjyMM
KB-05-02,links_to,90_FONTES/CATALOGO/YOI-G0UmPYw
KB-05-02,links_to,90_FONTES/CATALOGO/uWJ3UVGjyMM
KB-05-02,links_to,90_FONTES/CATALOGO/mabv7uX4nA4
KB-05-02,links_to,00_MODELO_MENTAL/Mapa - MOC - Produtos
KB-04-01,supported_by,SRC-hX8K6EH_bTw
KB-04-01,supported_by,SRC-igSOHG-ewic
KB-04-01,supported_by,SRC-lIFG-WiSsFg
KB-04-01,supported_by,SRC-uzUaZsXpz0o
KB-04-01,links_to,90_FONTES/CATALOGO/hX8K6EH_bTw
KB-04-01,links_to,90_FONTES/CATALOGO/igSOHG-ewic
KB-04-01,links_to,90_FONTES/CATALOGO/lIFG-WiSsFg
KB-04-01,links_to,90_FONTES/CATALOGO/uzUaZsXpz0o
KB-04-01,links_to,00_MODELO_MENTAL/Mapa - MOC - Operação
KB-06-03,supported_by,SRC-1dOhmKf2_vI
KB-06-03,supported_by,SRC-h68gNHM2aKQ
KB-06-03,supported_by,SRC-hVG-hIGChPY
KB-06-03,supported_by,SRC-jYgJEAVeVkg
KB-06-03,links_to,90_FONTES/CATALOGO/hVG-hIGChPY
KB-06-03,links_to,90_FONTES/CATALOGO/1dOhmKf2_vI
KB-06-03,links_to,90_FONTES/CATALOGO/h68gNHM2aKQ
KB-06-03,links_to,90_FONTES/CATALOGO/jYgJEAVeVkg
KB-06-03,links_to,00_MODELO_MENTAL/Mapa - MOC - Comercial e Aquisição
KB-06,supported_by,SRC-1dOhmKf2_vI
KB-06,supported_by,SRC-5rcLtw40xis
KB-06,supported_by,SRC-6HcJ0JB77wY
KB-06,supported_by,SRC-B_pUYw5KEHU
KB-06,supported_by,SRC-P5RIz7PQ5Bw
KB-06,supported_by,SRC-h68gNHM2aKQ
KB-06,supported_by,SRC-hKNvjQehB8c
KB-06,supported_by,SRC-hVG-hIGChPY
KB-06,supported_by,SRC-jICTfHiHs0M
KB-06,supported_by,SRC-jYgJEAVeVkg
KB-06,supported_by,SRC-npMJIP5Te54
KB-06,links_to,90_FONTES/CATALOGO/6HcJ0JB77wY
KB-06,links_to,90_FONTES/CATALOGO/hKNvjQehB8c
KB-06,links_to,90_FONTES/CATALOGO/P5RIz7PQ5Bw
KB-06,links_to,90_FONTES/CATALOGO/jICTfHiHs0M
KB-06,links_to,90_FONTES/CATALOGO/npMJIP5Te54
KB-06,links_to,90_FONTES/CATALOGO/B_pUYw5KEHU
KB-06,links_to,90_FONTES/CATALOGO/5rcLtw40xis
KB-06,links_to,90_FONTES/CATALOGO/hVG-hIGChPY
KB-06,links_to,90_FONTES/CATALOGO/npMJIP5Te54
KB-06,links_to,90_FONTES/CATALOGO/hVG-hIGChPY
KB-06,links_to,90_FONTES/CATALOGO/1dOhmKf2_vI
KB-06,links_to,90_FONTES/CATALOGO/h68gNHM2aKQ
KB-06,links_to,90_FONTES/CATALOGO/jYgJEAVeVkg
KB-06,links_to,00_MODELO_MENTAL/Mapa - MOC - Comercial e Aquisição
KB-06-02,supported_by,SRC-5rcLtw40xis
KB-06-02,supported_by,SRC-B_pUYw5KEHU
KB-06-02,supported_by,SRC-hVG-hIGChPY
KB-06-02,supported_by,SRC-npMJIP5Te54
KB-06-02,links_to,90_FONTES/CATALOGO/B_pUYw5KEHU
KB-06-02,links_to,90_FONTES/CATALOGO/5rcLtw40xis
KB-06-02,links_to,90_FONTES/CATALOGO/hVG-hIGChPY
KB-06-02,links_to,90_FONTES/CATALOGO/npMJIP5Te54
KB-06-02,links_to,00_MODELO_MENTAL/Mapa - MOC - Comercial e Aquisição
KB-06-01,supported_by,SRC-6HcJ0JB77wY
KB-06-01,supported_by,SRC-P5RIz7PQ5Bw
KB-06-01,supported_by,SRC-hKNvjQehB8c
KB-06-01,supported_by,SRC-jICTfHiHs0M
KB-06-01,supported_by,SRC-npMJIP5Te54
KB-06-01,links_to,90_FONTES/CATALOGO/6HcJ0JB77wY
KB-06-01,links_to,90_FONTES/CATALOGO/hKNvjQehB8c
KB-06-01,links_to,90_FONTES/CATALOGO/P5RIz7PQ5Bw
KB-06-01,links_to,90_FONTES/CATALOGO/jICTfHiHs0M
KB-06-01,links_to,90_FONTES/CATALOGO/npMJIP5Te54
KB-06-01,links_to,00_MODELO_MENTAL/Mapa - MOC - Comercial e Aquisição
KB-04,supported_by,SRC-cG_2TxueZKQ
KB-04,supported_by,SRC-hX8K6EH_bTw
KB-04,supported_by,SRC-igSOHG-ewic
KB-04,supported_by,SRC-klqqUW16ZKk
KB-04,supported_by,SRC-lIFG-WiSsFg
KB-04,supported_by,SRC-oq_7VkDPeGA
KB-04,supported_by,SRC-uzUaZsXpz0o
KB-04,links_to,90_FONTES/CATALOGO/uzUaZsXpz0o
KB-04,links_to,90_FONTES/CATALOGO/klqqUW16ZKk
KB-04,links_to,90_FONTES/CATALOGO/oq_7VkDPeGA
KB-04,links_to,90_FONTES/CATALOGO/cG_2TxueZKQ
KB-04,links_to,90_FONTES/CATALOGO/hX8K6EH_bTw
KB-04,links_to,90_FONTES/CATALOGO/igSOHG-ewic
KB-04,links_to,90_FONTES/CATALOGO/lIFG-WiSsFg
KB-04,links_to,90_FONTES/CATALOGO/uzUaZsXpz0o
KB-04,links_to,90_FONTES/CATALOGO/oq_7VkDPeGA
KB-04,links_to,90_FONTES/CATALOGO/cG_2TxueZKQ
KB-04,links_to,00_MODELO_MENTAL/Mapa - MOC - Operação
KB-04-02,supported_by,SRC-cG_2TxueZKQ
KB-04-02,supported_by,SRC-oq_7VkDPeGA
KB-04-02,links_to,90_FONTES/CATALOGO/oq_7VkDPeGA
KB-04-02,links_to,90_FONTES/CATALOGO/cG_2TxueZKQ
KB-04-02,links_to,00_MODELO_MENTAL/Mapa - MOC - Operação
KB-07,supported_by,SRC-3TKdj_19cVE
KB-07,supported_by,SRC-7JO1Lk_QEYI
KB-07,supported_by,SRC-YqwTaBUX1Do
KB-07,supported_by,SRC-cG_2TxueZKQ
KB-07,supported_by,SRC-d-YnWqf65r4
KB-07,supported_by,SRC-jgRo1hzsNbU
KB-07,supported_by,SRC-lOvhBIPc1vA
KB-07,supported_by,SRC-lqehMv0JQ_0
KB-07,links_to,90_FONTES/CATALOGO/d-YnWqf65r4
KB-07,links_to,90_FONTES/CATALOGO/cG_2TxueZKQ
KB-07,links_to,90_FONTES/CATALOGO/d-YnWqf65r4
KB-07,links_to,90_FONTES/CATALOGO/7JO1Lk_QEYI
KB-07,links_to,90_FONTES/CATALOGO/jgRo1hzsNbU
KB-07,links_to,90_FONTES/CATALOGO/jgRo1hzsNbU
KB-07,links_to,90_FONTES/CATALOGO/lqehMv0JQ_0
KB-07,links_to,90_FONTES/CATALOGO/3TKdj_19cVE
KB-07,links_to,90_FONTES/CATALOGO/YqwTaBUX1Do
KB-07,links_to,90_FONTES/CATALOGO/lOvhBIPc1vA
KB-07,links_to,00_MODELO_MENTAL/Mapa - MOC - Backoffice
KB-07-02,supported_by,SRC-3TKdj_19cVE
KB-07-02,supported_by,SRC-lqehMv0JQ_0
KB-07-02,links_to,90_FONTES/CATALOGO/lqehMv0JQ_0
KB-07-02,links_to,90_FONTES/CATALOGO/3TKdj_19cVE
KB-07-02,links_to,00_MODELO_MENTAL/Mapa - MOC - Backoffice
KB-07-01,supported_by,SRC-7JO1Lk_QEYI
KB-07-01,supported_by,SRC-d-YnWqf65r4
KB-07-01,supported_by,SRC-jgRo1hzsNbU
KB-07-01,links_to,90_FONTES/CATALOGO/d-YnWqf65r4
KB-07-01,links_to,90_FONTES/CATALOGO/7JO1Lk_QEYI
KB-07-01,links_to,90_FONTES/CATALOGO/jgRo1hzsNbU
KB-07-01,links_to,90_FONTES/CATALOGO/jgRo1hzsNbU
KB-07-01,links_to,00_MODELO_MENTAL/Mapa - MOC - Backoffice
KB-07-03,supported_by,SRC-YqwTaBUX1Do
KB-07-03,supported_by,SRC-lOvhBIPc1vA
KB-07-03,links_to,90_FONTES/CATALOGO/YqwTaBUX1Do
KB-07-03,links_to,90_FONTES/CATALOGO/lOvhBIPc1vA
KB-07-03,links_to,00_MODELO_MENTAL/Mapa - MOC - Backoffice
KB-09-01,supported_by,SRC-2e8bOe8rAtA
KB-09-01,supported_by,SRC-gMTT0FRM_VA
KB-09-01,links_to,90_FONTES/CATALOGO/gMTT0FRM_VA
KB-09-01,links_to,90_FONTES/CATALOGO/2e8bOe8rAtA
KB-09-01,links_to,90_FONTES/CATALOGO/gMTT0FRM_VA
KB-09-01,links_to,00_MODELO_MENTAL/Mapa - MOC - Financeiro
KB-09-04,supported_by,SRC-4Uw6eqcOSjs
KB-09-04,supported_by,SRC-TzlnRQL6Wyg
KB-09-04,supported_by,SRC-gszi6menvaA
KB-09-04,supported_by,SRC-lodIKCrClXk
KB-09-04,links_to,90_FONTES/CATALOGO/TzlnRQL6Wyg
KB-09-04,links_to,90_FONTES/CATALOGO/4Uw6eqcOSjs
KB-09-04,links_to,90_FONTES/CATALOGO/gszi6menvaA
KB-09-04,links_to,90_FONTES/CATALOGO/4Uw6eqcOSjs
KB-09-04,links_to,90_FONTES/CATALOGO/lodIKCrClXk
KB-09-04,links_to,00_MODELO_MENTAL/Mapa - MOC - Financeiro
KB-09-03,supported_by,SRC-qlu-rANP6Wk
KB-09-03,links_to,90_FONTES/CATALOGO/qlu-rANP6Wk
KB-09-03,links_to,00_MODELO_MENTAL/Mapa - MOC - Financeiro
KB-09-02,supported_by,SRC-S7kkFctlT_o
KB-09-02,supported_by,SRC-hX8K6EH_bTw
KB-09-02,links_to,90_FONTES/CATALOGO/S7kkFctlT_o
KB-09-02,links_to,90_FONTES/CATALOGO/hX8K6EH_bTw
KB-09-02,links_to,00_MODELO_MENTAL/Mapa - MOC - Financeiro
KB-09,supported_by,SRC-2e8bOe8rAtA
KB-09,supported_by,SRC-4Uw6eqcOSjs
KB-09,supported_by,SRC-S7kkFctlT_o
KB-09,supported_by,SRC-TzlnRQL6Wyg
KB-09,supported_by,SRC-gMTT0FRM_VA
KB-09,supported_by,SRC-gszi6menvaA
KB-09,supported_by,SRC-hX8K6EH_bTw
KB-09,supported_by,SRC-lodIKCrClXk
KB-09,supported_by,SRC-qlu-rANP6Wk
KB-09,links_to,90_FONTES/CATALOGO/gMTT0FRM_VA
KB-09,links_to,90_FONTES/CATALOGO/2e8bOe8rAtA
KB-09,links_to,90_FONTES/CATALOGO/gMTT0FRM_VA
KB-09,links_to,90_FONTES/CATALOGO/S7kkFctlT_o
KB-09,links_to,90_FONTES/CATALOGO/hX8K6EH_bTw
KB-09,links_to,90_FONTES/CATALOGO/qlu-rANP6Wk
KB-09,links_to,90_FONTES/CATALOGO/TzlnRQL6Wyg
KB-09,links_to,90_FONTES/CATALOGO/4Uw6eqcOSjs
KB-09,links_to,90_FONTES/CATALOGO/gszi6menvaA
KB-09,links_to,90_FONTES/CATALOGO/4Uw6eqcOSjs
KB-09,links_to,90_FONTES/CATALOGO/lodIKCrClXk
KB-09,links_to,00_MODELO_MENTAL/Mapa - MOC - Financeiro
KB-08-02,supported_by,SRC-cG_2TxueZKQ
KB-08-02,links_to,90_FONTES/CATALOGO/cG_2TxueZKQ
KB-08-02,links_to,90_FONTES/CATALOGO/cG_2TxueZKQ
KB-08-02,links_to,"00_MODELO_MENTAL/Mapa - MOC - Gestão, Pessoas e Indicadores"
KB-08-01,supported_by,SRC-2tJYDZ5hvYA
KB-08-01,supported_by,SRC-7JO1Lk_QEYI
KB-08-01,supported_by,SRC-npMJIP5Te54
KB-08-01,links_to,90_FONTES/CATALOGO/2tJYDZ5hvYA
KB-08-01,links_to,90_FONTES/CATALOGO/7JO1Lk_QEYI
KB-08-01,links_to,90_FONTES/CATALOGO/npMJIP5Te54
KB-08-01,links_to,"00_MODELO_MENTAL/Mapa - MOC - Gestão, Pessoas e Indicadores"
KB-11,supported_by,SRC-MxAmuSFah5o
KB-11,supported_by,SRC-SYBDpwDUh2s
KB-11,supported_by,SRC-cG_2TxueZKQ
KB-11,supported_by,SRC-hX8K6EH_bTw
KB-11,supported_by,SRC-npMJIP5Te54
KB-11,supported_by,SRC-oq_7VkDPeGA
KB-11,links_to,90_FONTES/CATALOGO/npMJIP5Te54
KB-11,links_to,90_FONTES/CATALOGO/oq_7VkDPeGA
KB-11,links_to,90_FONTES/CATALOGO/cG_2TxueZKQ
KB-11,links_to,90_FONTES/CATALOGO/hX8K6EH_bTw
KB-11,links_to,90_FONTES/CATALOGO/SYBDpwDUh2s
KB-11,links_to,90_FONTES/CATALOGO/npMJIP5Te54
KB-11,links_to,90_FONTES/CATALOGO/MxAmuSFah5o
KB-11,links_to,"00_MODELO_MENTAL/Mapa - MOC - Gestão, Pessoas e Indicadores"
KB-08,supported_by,SRC-1TkD3WDzc4Q
KB-08,supported_by,SRC-2tJYDZ5hvYA
KB-08,supported_by,SRC-7JO1Lk_QEYI
KB-08,supported_by,SRC-7gHC90Jj7xc
KB-08,supported_by,SRC-cG_2TxueZKQ
KB-08,supported_by,SRC-klqqUW16ZKk
KB-08,supported_by,SRC-npMJIP5Te54
KB-08,links_to,90_FONTES/CATALOGO/2tJYDZ5hvYA
KB-08,links_to,90_FONTES/CATALOGO/7JO1Lk_QEYI
KB-08,links_to,90_FONTES/CATALOGO/npMJIP5Te54
KB-08,links_to,90_FONTES/CATALOGO/cG_2TxueZKQ
KB-08,links_to,90_FONTES/CATALOGO/cG_2TxueZKQ
KB-08,links_to,90_FONTES/CATALOGO/7JO1Lk_QEYI
KB-08,links_to,90_FONTES/CATALOGO/klqqUW16ZKk
KB-08,links_to,90_FONTES/CATALOGO/7gHC90Jj7xc
KB-08,links_to,90_FONTES/CATALOGO/1TkD3WDzc4Q
KB-08,links_to,"00_MODELO_MENTAL/Mapa - MOC - Gestão, Pessoas e Indicadores"
KB-08-03,supported_by,SRC-1TkD3WDzc4Q
KB-08-03,supported_by,SRC-7JO1Lk_QEYI
KB-08-03,supported_by,SRC-7gHC90Jj7xc
KB-08-03,supported_by,SRC-klqqUW16ZKk
KB-08-03,links_to,90_FONTES/CATALOGO/7JO1Lk_QEYI
KB-08-03,links_to,90_FONTES/CATALOGO/klqqUW16ZKk
KB-08-03,links_to,90_FONTES/CATALOGO/7gHC90Jj7xc
KB-08-03,links_to,90_FONTES/CATALOGO/1TkD3WDzc4Q
KB-08-03,links_to,"00_MODELO_MENTAL/Mapa - MOC - Gestão, Pessoas e Indicadores"
KB-10-02,supported_by,SRC-OFXVvWXdIJQ
KB-10-02,supported_by,SRC-SYBDpwDUh2s
KB-10-02,supported_by,SRC-kp3zioWiQlc
KB-10-02,supported_by,SRC-wVTppP7FDi4
KB-10-02,links_to,90_FONTES/CATALOGO/SYBDpwDUh2s
KB-10-02,links_to,90_FONTES/CATALOGO/wVTppP7FDi4
KB-10-02,links_to,90_FONTES/CATALOGO/kp3zioWiQlc
KB-10-02,links_to,90_FONTES/CATALOGO/OFXVvWXdIJQ
KB-10-02,links_to,90_FONTES/CATALOGO/SYBDpwDUh2s
KB-10-02,links_to,00_MODELO_MENTAL/Mapa - MOC - Tecnologia e Dados
KB-10-01,supported_by,SRC-hX8K6EH_bTw
KB-10-01,supported_by,SRC-kOac1JMjOXc
KB-10-01,links_to,90_FONTES/CATALOGO/kOac1JMjOXc
KB-10-01,links_to,90_FONTES/CATALOGO/hX8K6EH_bTw
KB-10-01,links_to,00_MODELO_MENTAL/Mapa - MOC - Tecnologia e Dados
KB-10,supported_by,SRC-OFXVvWXdIJQ
KB-10,supported_by,SRC-SYBDpwDUh2s
KB-10,supported_by,SRC-hX8K6EH_bTw
KB-10,supported_by,SRC-kOac1JMjOXc
KB-10,supported_by,SRC-kp3zioWiQlc
KB-10,supported_by,SRC-wVTppP7FDi4
KB-10,links_to,90_FONTES/CATALOGO/hX8K6EH_bTw
KB-10,links_to,90_FONTES/CATALOGO/SYBDpwDUh2s
KB-10,links_to,90_FONTES/CATALOGO/kOac1JMjOXc
KB-10,links_to,90_FONTES/CATALOGO/hX8K6EH_bTw
KB-10,links_to,90_FONTES/CATALOGO/SYBDpwDUh2s
KB-10,links_to,90_FONTES/CATALOGO/wVTppP7FDi4
KB-10,links_to,90_FONTES/CATALOGO/kp3zioWiQlc
KB-10,links_to,90_FONTES/CATALOGO/OFXVvWXdIJQ
KB-10,links_to,90_FONTES/CATALOGO/SYBDpwDUh2s
KB-10,links_to,00_MODELO_MENTAL/Mapa - MOC - Tecnologia e Dados
KB-12-02,supported_by,SRC-Ib6FHHO2s24
KB-12-02,links_to,90_FONTES/CATALOGO/Ib6FHHO2s24
KB-12-02,links_to,00_MODELO_MENTAL/Mapa - MOC - Risco e Confiabilidade
KB-12-03,supported_by,SRC-JiQ3fRMz4eg
KB-12-03,supported_by,SRC-h68gNHM2aKQ
KB-12-03,supported_by,SRC-igSOHG-ewic
KB-12-03,supported_by,SRC-jCCFcr0LUQY
KB-12-03,links_to,90_FONTES/CATALOGO/JiQ3fRMz4eg
KB-12-03,links_to,90_FONTES/CATALOGO/h68gNHM2aKQ
KB-12-03,links_to,90_FONTES/CATALOGO/igSOHG-ewic
KB-12-03,links_to,90_FONTES/CATALOGO/jCCFcr0LUQY
KB-12-03,links_to,00_MODELO_MENTAL/Mapa - MOC - Risco e Confiabilidade
KB-12-01,supported_by,SRC-lOvhBIPc1vA
KB-12-01,supported_by,SRC-vffHWn532dU
KB-12-01,links_to,90_FONTES/CATALOGO/lOvhBIPc1vA
KB-12-01,links_to,90_FONTES/CATALOGO/vffHWn532dU
KB-12-01,links_to,00_MODELO_MENTAL/Mapa - MOC - Risco e Confiabilidade
KB-12,supported_by,SRC-Ib6FHHO2s24
KB-12,supported_by,SRC-JiQ3fRMz4eg
KB-12,supported_by,SRC-h68gNHM2aKQ
KB-12,supported_by,SRC-igSOHG-ewic
KB-12,supported_by,SRC-jCCFcr0LUQY
KB-12,supported_by,SRC-lOvhBIPc1vA
KB-12,supported_by,SRC-vffHWn532dU
KB-12,links_to,90_FONTES/CATALOGO/lOvhBIPc1vA
KB-12,links_to,90_FONTES/CATALOGO/vffHWn532dU
KB-12,links_to,90_FONTES/CATALOGO/Ib6FHHO2s24
KB-12,links_to,90_FONTES/CATALOGO/JiQ3fRMz4eg
KB-12,links_to,90_FONTES/CATALOGO/h68gNHM2aKQ
KB-12,links_to,90_FONTES/CATALOGO/igSOHG-ewic
KB-12,links_to,90_FONTES/CATALOGO/jCCFcr0LUQY
KB-12,links_to,00_MODELO_MENTAL/Mapa - MOC - Risco e Confiabilidade
SITUACAO-banco-originador-reteve-a-portabilidade,supported_by,SRC-YqwTaBUX1Do
SITUACAO-banco-originador-reteve-a-portabilidade,supported_by,SRC-igSOHG-ewic
SITUACAO-banco-originador-reteve-a-portabilidade,supported_by,SRC-lOvhBIPc1vA
SITUACAO-banco-originador-reteve-a-portabilidade,supported_by,SRC-vffHWn532dU
SITUACAO-banco-originador-reteve-a-portabilidade,links_to,90_FONTES/CATALOGO/YqwTaBUX1Do
SITUACAO-banco-originador-reteve-a-portabilidade,links_to,90_FONTES/CATALOGO/igSOHG-ewic
SITUACAO-banco-originador-reteve-a-portabilidade,links_to,90_FONTES/CATALOGO/lOvhBIPc1vA
SITUACAO-banco-originador-reteve-a-portabilidade,links_to,90_FONTES/CATALOGO/vffHWn532dU
SITUACAO-carteira-existe-mas-nao-e-retrabalhada,supported_by,SRC-1dOhmKf2_vI
SITUACAO-carteira-existe-mas-nao-e-retrabalhada,supported_by,SRC-cG_2TxueZKQ
SITUACAO-carteira-existe-mas-nao-e-retrabalhada,supported_by,SRC-hVG-hIGChPY
SITUACAO-carteira-existe-mas-nao-e-retrabalhada,supported_by,SRC-oq_7VkDPeGA
SITUACAO-carteira-existe-mas-nao-e-retrabalhada,supported_by,SRC-qlu-rANP6Wk
SITUACAO-carteira-existe-mas-nao-e-retrabalhada,links_to,90_FONTES/CATALOGO/1dOhmKf2_vI
SITUACAO-carteira-existe-mas-nao-e-retrabalhada,links_to,90_FONTES/CATALOGO/cG_2TxueZKQ
SITUACAO-carteira-existe-mas-nao-e-retrabalhada,links_to,90_FONTES/CATALOGO/hVG-hIGChPY
SITUACAO-carteira-existe-mas-nao-e-retrabalhada,links_to,90_FONTES/CATALOGO/oq_7VkDPeGA
SITUACAO-carteira-existe-mas-nao-e-retrabalhada,links_to,90_FONTES/CATALOGO/qlu-rANP6Wk
SITUACAO-cliente-aceitou-mas-nao-formalizou,supported_by,SRC-7JO1Lk_QEYI
SITUACAO-cliente-aceitou-mas-nao-formalizou,supported_by,SRC-npMJIP5Te54
SITUACAO-cliente-aceitou-mas-nao-formalizou,links_to,90_FONTES/CATALOGO/7JO1Lk_QEYI
SITUACAO-cliente-aceitou-mas-nao-formalizou,links_to,90_FONTES/CATALOGO/npMJIP5Te54
SITUACAO-cliente-demonstrou-interesse-mas-nao-enquadra,supported_by,SRC-lIFG-WiSsFg
SITUACAO-cliente-demonstrou-interesse-mas-nao-enquadra,supported_by,SRC-mabv7uX4nA4
SITUACAO-cliente-demonstrou-interesse-mas-nao-enquadra,links_to,90_FONTES/CATALOGO/lIFG-WiSsFg
SITUACAO-cliente-demonstrou-interesse-mas-nao-enquadra,links_to,90_FONTES/CATALOGO/mabv7uX4nA4
SITUACAO-cliente-diz-nao-no-primeiro-contato,supported_by,SRC-jICTfHiHs0M
SITUACAO-cliente-diz-nao-no-primeiro-contato,supported_by,SRC-jYgJEAVeVkg
SITUACAO-cliente-diz-nao-no-primeiro-contato,supported_by,SRC-hVG-hIGChPY
SITUACAO-cliente-diz-nao-no-primeiro-contato,links_to,90_FONTES/CATALOGO/jICTfHiHs0M
SITUACAO-cliente-diz-nao-no-primeiro-contato,links_to,90_FONTES/CATALOGO/jYgJEAVeVkg
SITUACAO-cliente-diz-nao-no-primeiro-contato,links_to,90_FONTES/CATALOGO/hVG-hIGChPY
SITUACAO-cliente-esta-inseguro-com-venda-digital,supported_by,SRC-lqehMv0JQ_0
SITUACAO-cliente-esta-inseguro-com-venda-digital,supported_by,SRC-3TKdj_19cVE
SITUACAO-cliente-esta-inseguro-com-venda-digital,links_to,90_FONTES/CATALOGO/lqehMv0JQ_0
SITUACAO-cliente-esta-inseguro-com-venda-digital,links_to,90_FONTES/CATALOGO/3TKdj_19cVE
SITUACAO-comissao-percentual-parece-boa-mas-a-base-e-diferente,supported_by,SRC-gMTT0FRM_VA
SITUACAO-comissao-percentual-parece-boa-mas-a-base-e-diferente,supported_by,SRC-hX8K6EH_bTw
SITUACAO-comissao-percentual-parece-boa-mas-a-base-e-diferente,links_to,90_FONTES/CATALOGO/gMTT0FRM_VA
SITUACAO-comissao-percentual-parece-boa-mas-a-base-e-diferente,links_to,90_FONTES/CATALOGO/hX8K6EH_bTw
SITUACAO-contrato-pagou-mas-a-comissao-nao-apareceu,supported_by,SRC-hX8K6EH_bTw
SITUACAO-contrato-pagou-mas-a-comissao-nao-apareceu,supported_by,SRC-qlu-rANP6Wk
SITUACAO-contrato-pagou-mas-a-comissao-nao-apareceu,links_to,90_FONTES/CATALOGO/hX8K6EH_bTw
SITUACAO-contrato-pagou-mas-a-comissao-nao-apareceu,links_to,90_FONTES/CATALOGO/qlu-rANP6Wk
SITUACAO-dado-historico-esta-sendo-tratado-como-regra-atual,supported_by,SRC-gMTT0FRM_VA
SITUACAO-dado-historico-esta-sendo-tratado-como-regra-atual,links_to,90_FONTES/CATALOGO/gMTT0FRM_VA
SITUACAO-discadora-gera-volume-mas-nao-resultado,supported_by,SRC-hX8K6EH_bTw
SITUACAO-discadora-gera-volume-mas-nao-resultado,supported_by,SRC-kOac1JMjOXc
SITUACAO-discadora-gera-volume-mas-nao-resultado,links_to,90_FONTES/CATALOGO/hX8K6EH_bTw
SITUACAO-discadora-gera-volume-mas-nao-resultado,links_to,90_FONTES/CATALOGO/kOac1JMjOXc
SITUACAO-muitos-leads-e-pouca-conversao,supported_by,SRC-7JO1Lk_QEYI
SITUACAO-muitos-leads-e-pouca-conversao,supported_by,SRC-SYBDpwDUh2s
SITUACAO-muitos-leads-e-pouca-conversao,supported_by,SRC-npMJIP5Te54
SITUACAO-muitos-leads-e-pouca-conversao,links_to,90_FONTES/CATALOGO/7JO1Lk_QEYI
SITUACAO-muitos-leads-e-pouca-conversao,links_to,90_FONTES/CATALOGO/SYBDpwDUh2s
SITUACAO-muitos-leads-e-pouca-conversao,links_to,90_FONTES/CATALOGO/npMJIP5Te54
SITUACAO-operacao-cresceu-mas-a-gestao-nao-acompanhou,supported_by,SRC-lF22lEIfXMA
SITUACAO-operacao-cresceu-mas-a-gestao-nao-acompanhou,supported_by,SRC-klqqUW16ZKk
SITUACAO-operacao-cresceu-mas-a-gestao-nao-acompanhou,supported_by,SRC-cG_2TxueZKQ
SITUACAO-operacao-cresceu-mas-a-gestao-nao-acompanhou,links_to,90_FONTES/CATALOGO/lF22lEIfXMA
SITUACAO-operacao-cresceu-mas-a-gestao-nao-acompanhou,links_to,90_FONTES/CATALOGO/klqqUW16ZKk
SITUACAO-operacao-cresceu-mas-a-gestao-nao-acompanhou,links_to,90_FONTES/CATALOGO/cG_2TxueZKQ
SITUACAO-portabilidade-aguardando-averbacao,supported_by,SRC-lOvhBIPc1vA
SITUACAO-portabilidade-aguardando-averbacao,links_to,90_FONTES/CATALOGO/lOvhBIPc1vA
SITUACAO-producao-esta-alta-mas-o-caixa-nao-acompanha,supported_by,SRC-2e8bOe8rAtA
SITUACAO-producao-esta-alta-mas-o-caixa-nao-acompanha,supported_by,SRC-gMTT0FRM_VA
SITUACAO-producao-esta-alta-mas-o-caixa-nao-acompanha,supported_by,SRC-qlu-rANP6Wk
SITUACAO-producao-esta-alta-mas-o-caixa-nao-acompanha,supported_by,SRC-4Uw6eqcOSjs
SITUACAO-producao-esta-alta-mas-o-caixa-nao-acompanha,links_to,90_FONTES/CATALOGO/2e8bOe8rAtA
SITUACAO-producao-esta-alta-mas-o-caixa-nao-acompanha,links_to,90_FONTES/CATALOGO/gMTT0FRM_VA
SITUACAO-producao-esta-alta-mas-o-caixa-nao-acompanha,links_to,90_FONTES/CATALOGO/qlu-rANP6Wk
SITUACAO-producao-esta-alta-mas-o-caixa-nao-acompanha,links_to,90_FONTES/CATALOGO/4Uw6eqcOSjs
SITUACAO-proposta-esta-parada-na-esteira,supported_by,SRC-YqwTaBUX1Do
SITUACAO-proposta-esta-parada-na-esteira,supported_by,SRC-lOvhBIPc1vA
SITUACAO-proposta-esta-parada-na-esteira,supported_by,SRC-cG_2TxueZKQ
SITUACAO-proposta-esta-parada-na-esteira,links_to,90_FONTES/CATALOGO/YqwTaBUX1Do
SITUACAO-proposta-esta-parada-na-esteira,links_to,90_FONTES/CATALOGO/lOvhBIPc1vA
SITUACAO-proposta-esta-parada-na-esteira,links_to,90_FONTES/CATALOGO/cG_2TxueZKQ
SITUACAO-proposta-foi-cancelada-por-regra-operacional,supported_by,SRC-klqqUW16ZKk
SITUACAO-proposta-foi-cancelada-por-regra-operacional,supported_by,SRC-uzUaZsXpz0o
SITUACAO-proposta-foi-cancelada-por-regra-operacional,links_to,90_FONTES/CATALOGO/klqqUW16ZKk
SITUACAO-proposta-foi-cancelada-por-regra-operacional,links_to,90_FONTES/CATALOGO/uzUaZsXpz0o
SITUACAO-proposta-foi-digitada-mas-ainda-nao-pagou,supported_by,SRC-fPipFrLlhnE
SITUACAO-proposta-foi-digitada-mas-ainda-nao-pagou,supported_by,SRC-tLdCPHF5k8o
SITUACAO-proposta-foi-digitada-mas-ainda-nao-pagou,links_to,90_FONTES/CATALOGO/fPipFrLlhnE
SITUACAO-proposta-foi-digitada-mas-ainda-nao-pagou,links_to,90_FONTES/CATALOGO/tLdCPHF5k8o
SITUACAO-sistema-de-consulta-mostra-informacao-divergente,supported_by,SRC-uzUaZsXpz0o
SITUACAO-sistema-de-consulta-mostra-informacao-divergente,links_to,90_FONTES/CATALOGO/uzUaZsXpz0o
SITUACAO-venda-precisa-passar-do-comercial-para-o-operacional,supported_by,SRC-7JO1Lk_QEYI
SITUACAO-venda-precisa-passar-do-comercial-para-o-operacional,supported_by,SRC-S7kkFctlT_o
SITUACAO-venda-precisa-passar-do-comercial-para-o-operacional,supported_by,SRC-d-YnWqf65r4
SITUACAO-venda-precisa-passar-do-comercial-para-o-operacional,supported_by,SRC-jgRo1hzsNbU
SITUACAO-venda-precisa-passar-do-comercial-para-o-operacional,supported_by,SRC-lqehMv0JQ_0
SITUACAO-venda-precisa-passar-do-comercial-para-o-operacional,supported_by,SRC-qlu-rANP6Wk
SITUACAO-venda-precisa-passar-do-comercial-para-o-operacional,supported_by,SRC-uzUaZsXpz0o
SITUACAO-venda-precisa-passar-do-comercial-para-o-operacional,links_to,90_FONTES/CATALOGO/7JO1Lk_QEYI
SITUACAO-venda-precisa-passar-do-comercial-para-o-operacional,links_to,90_FONTES/CATALOGO/S7kkFctlT_o
SITUACAO-venda-precisa-passar-do-comercial-para-o-operacional,links_to,90_FONTES/CATALOGO/d-YnWqf65r4
SITUACAO-venda-precisa-passar-do-comercial-para-o-operacional,links_to,90_FONTES/CATALOGO/jgRo1hzsNbU
SITUACAO-venda-precisa-passar-do-comercial-para-o-operacional,links_to,90_FONTES/CATALOGO/lqehMv0JQ_0
SITUACAO-venda-precisa-passar-do-comercial-para-o-operacional,links_to,90_FONTES/CATALOGO/qlu-rANP6Wk
SITUACAO-venda-precisa-passar-do-comercial-para-o-operacional,links_to,90_FONTES/CATALOGO/uzUaZsXpz0o
SITUACAO-vendedor-recebe-oportunidades-demais,supported_by,SRC-npMJIP5Te54
SITUACAO-vendedor-recebe-oportunidades-demais,links_to,90_FONTES/CATALOGO/npMJIP5Te54
PRINCIPIO-a-cadeia-de-relacionamento-muda-responsabilidades,supported_by,SRC-YXEkvNLIx2g
PRINCIPIO-a-cadeia-de-relacionamento-muda-responsabilidades,supported_by,SRC-cG_2TxueZKQ
PRINCIPIO-a-cadeia-de-relacionamento-muda-responsabilidades,supported_by,SRC-fPipFrLlhnE
PRINCIPIO-a-cadeia-de-relacionamento-muda-responsabilidades,supported_by,SRC-kkq13beQxrQ
PRINCIPIO-a-cadeia-de-relacionamento-muda-responsabilidades,supported_by,SRC-tLdCPHF5k8o
PRINCIPIO-a-cadeia-de-relacionamento-muda-responsabilidades,links_to,90_FONTES/CATALOGO/YXEkvNLIx2g
PRINCIPIO-a-cadeia-de-relacionamento-muda-responsabilidades,links_to,90_FONTES/CATALOGO/cG_2TxueZKQ
PRINCIPIO-a-cadeia-de-relacionamento-muda-responsabilidades,links_to,90_FONTES/CATALOGO/fPipFrLlhnE
PRINCIPIO-a-cadeia-de-relacionamento-muda-responsabilidades,links_to,90_FONTES/CATALOGO/kkq13beQxrQ
PRINCIPIO-a-cadeia-de-relacionamento-muda-responsabilidades,links_to,90_FONTES/CATALOGO/tLdCPHF5k8o
PRINCIPIO-carteira-e-memoria-de-relacionamento,supported_by,SRC-1dOhmKf2_vI
PRINCIPIO-carteira-e-memoria-de-relacionamento,supported_by,SRC-cG_2TxueZKQ
PRINCIPIO-carteira-e-memoria-de-relacionamento,supported_by,SRC-hVG-hIGChPY
PRINCIPIO-carteira-e-memoria-de-relacionamento,supported_by,SRC-oq_7VkDPeGA
PRINCIPIO-carteira-e-memoria-de-relacionamento,supported_by,SRC-qlu-rANP6Wk
PRINCIPIO-carteira-e-memoria-de-relacionamento,links_to,90_FONTES/CATALOGO/1dOhmKf2_vI
PRINCIPIO-carteira-e-memoria-de-relacionamento,links_to,90_FONTES/CATALOGO/cG_2TxueZKQ
PRINCIPIO-carteira-e-memoria-de-relacionamento,links_to,90_FONTES/CATALOGO/hVG-hIGChPY
PRINCIPIO-carteira-e-memoria-de-relacionamento,links_to,90_FONTES/CATALOGO/oq_7VkDPeGA
PRINCIPIO-carteira-e-memoria-de-relacionamento,links_to,90_FONTES/CATALOGO/qlu-rANP6Wk
PRINCIPIO-comissao-exige-entender-a-base-antes-do-percentual,supported_by,SRC-gMTT0FRM_VA
PRINCIPIO-comissao-exige-entender-a-base-antes-do-percentual,supported_by,SRC-hX8K6EH_bTw
PRINCIPIO-comissao-exige-entender-a-base-antes-do-percentual,supported_by,SRC-S7kkFctlT_o
PRINCIPIO-comissao-exige-entender-a-base-antes-do-percentual,links_to,90_FONTES/CATALOGO/gMTT0FRM_VA
PRINCIPIO-comissao-exige-entender-a-base-antes-do-percentual,links_to,90_FONTES/CATALOGO/hX8K6EH_bTw
PRINCIPIO-comissao-exige-entender-a-base-antes-do-percentual,links_to,90_FONTES/CATALOGO/S7kkFctlT_o
PRINCIPIO-confianca-do-cliente-e-componente-operacional,supported_by,SRC-lqehMv0JQ_0
PRINCIPIO-confianca-do-cliente-e-componente-operacional,supported_by,SRC-3TKdj_19cVE
PRINCIPIO-confianca-do-cliente-e-componente-operacional,links_to,90_FONTES/CATALOGO/lqehMv0JQ_0
PRINCIPIO-confianca-do-cliente-e-componente-operacional,links_to,90_FONTES/CATALOGO/3TKdj_19cVE
PRINCIPIO-consulta-nao-e-necessariamente-fonte-final-de-verdade,supported_by,SRC-uzUaZsXpz0o
PRINCIPIO-consulta-nao-e-necessariamente-fonte-final-de-verdade,links_to,90_FONTES/CATALOGO/uzUaZsXpz0o
PRINCIPIO-excecoes-fazem-parte-do-processo-real,supported_by,SRC-7JO1Lk_QEYI
PRINCIPIO-excecoes-fazem-parte-do-processo-real,supported_by,SRC-d-YnWqf65r4
PRINCIPIO-excecoes-fazem-parte-do-processo-real,supported_by,SRC-jgRo1hzsNbU
PRINCIPIO-excecoes-fazem-parte-do-processo-real,links_to,90_FONTES/CATALOGO/7JO1Lk_QEYI
PRINCIPIO-excecoes-fazem-parte-do-processo-real,links_to,90_FONTES/CATALOGO/d-YnWqf65r4
PRINCIPIO-excecoes-fazem-parte-do-processo-real,links_to,90_FONTES/CATALOGO/jgRo1hzsNbU
PRINCIPIO-formalizacao-faz-parte-da-conversao,supported_by,SRC-7JO1Lk_QEYI
PRINCIPIO-formalizacao-faz-parte-da-conversao,supported_by,SRC-npMJIP5Te54
PRINCIPIO-formalizacao-faz-parte-da-conversao,links_to,90_FONTES/CATALOGO/7JO1Lk_QEYI
PRINCIPIO-formalizacao-faz-parte-da-conversao,links_to,90_FONTES/CATALOGO/npMJIP5Te54
PRINCIPIO-handoff-deve-preservar-o-que-foi-negociado,supported_by,SRC-7JO1Lk_QEYI
PRINCIPIO-handoff-deve-preservar-o-que-foi-negociado,supported_by,SRC-S7kkFctlT_o
PRINCIPIO-handoff-deve-preservar-o-que-foi-negociado,supported_by,SRC-d-YnWqf65r4
PRINCIPIO-handoff-deve-preservar-o-que-foi-negociado,supported_by,SRC-jgRo1hzsNbU
PRINCIPIO-handoff-deve-preservar-o-que-foi-negociado,supported_by,SRC-lqehMv0JQ_0
PRINCIPIO-handoff-deve-preservar-o-que-foi-negociado,supported_by,SRC-qlu-rANP6Wk
PRINCIPIO-handoff-deve-preservar-o-que-foi-negociado,supported_by,SRC-uzUaZsXpz0o
PRINCIPIO-handoff-deve-preservar-o-que-foi-negociado,links_to,90_FONTES/CATALOGO/7JO1Lk_QEYI
PRINCIPIO-handoff-deve-preservar-o-que-foi-negociado,links_to,90_FONTES/CATALOGO/S7kkFctlT_o
PRINCIPIO-handoff-deve-preservar-o-que-foi-negociado,links_to,90_FONTES/CATALOGO/d-YnWqf65r4
PRINCIPIO-handoff-deve-preservar-o-que-foi-negociado,links_to,90_FONTES/CATALOGO/jgRo1hzsNbU
PRINCIPIO-handoff-deve-preservar-o-que-foi-negociado,links_to,90_FONTES/CATALOGO/lqehMv0JQ_0
PRINCIPIO-handoff-deve-preservar-o-que-foi-negociado,links_to,90_FONTES/CATALOGO/qlu-rANP6Wk
PRINCIPIO-handoff-deve-preservar-o-que-foi-negociado,links_to,90_FONTES/CATALOGO/uzUaZsXpz0o
PRINCIPIO-interesse-nao-e-elegibilidade,supported_by,SRC-lIFG-WiSsFg
PRINCIPIO-interesse-nao-e-elegibilidade,supported_by,SRC-mabv7uX4nA4
PRINCIPIO-interesse-nao-e-elegibilidade,links_to,90_FONTES/CATALOGO/lIFG-WiSsFg
PRINCIPIO-interesse-nao-e-elegibilidade,links_to,90_FONTES/CATALOGO/mabv7uX4nA4
PRINCIPIO-nao-existe-um-desenho-unico-de-equipe,supported_by,SRC-2tJYDZ5hvYA
PRINCIPIO-nao-existe-um-desenho-unico-de-equipe,supported_by,SRC-7JO1Lk_QEYI
PRINCIPIO-nao-existe-um-desenho-unico-de-equipe,supported_by,SRC-npMJIP5Te54
PRINCIPIO-nao-existe-um-desenho-unico-de-equipe,links_to,90_FONTES/CATALOGO/2tJYDZ5hvYA
PRINCIPIO-nao-existe-um-desenho-unico-de-equipe,links_to,90_FONTES/CATALOGO/7JO1Lk_QEYI
PRINCIPIO-nao-existe-um-desenho-unico-de-equipe,links_to,90_FONTES/CATALOGO/npMJIP5Te54
PRINCIPIO-o-cerebro-deve-separar-pratica-observada-de-regra-universal,supported_by,SRC-cG_2TxueZKQ
PRINCIPIO-o-cerebro-deve-separar-pratica-observada-de-regra-universal,supported_by,SRC-npMJIP5Te54
PRINCIPIO-o-cerebro-deve-separar-pratica-observada-de-regra-universal,supported_by,SRC-qlu-rANP6Wk
PRINCIPIO-o-cerebro-deve-separar-pratica-observada-de-regra-universal,links_to,90_FONTES/CATALOGO/cG_2TxueZKQ
PRINCIPIO-o-cerebro-deve-separar-pratica-observada-de-regra-universal,links_to,90_FONTES/CATALOGO/npMJIP5Te54
PRINCIPIO-o-cerebro-deve-separar-pratica-observada-de-regra-universal,links_to,90_FONTES/CATALOGO/qlu-rANP6Wk
PRINCIPIO-o-motivo-do-nao-deve-ser-preservado,supported_by,SRC-cG_2TxueZKQ
PRINCIPIO-o-motivo-do-nao-deve-ser-preservado,supported_by,SRC-oq_7VkDPeGA
PRINCIPIO-o-motivo-do-nao-deve-ser-preservado,links_to,90_FONTES/CATALOGO/cG_2TxueZKQ
PRINCIPIO-o-motivo-do-nao-deve-ser-preservado,links_to,90_FONTES/CATALOGO/oq_7VkDPeGA
PRINCIPIO-producao-receita-recebimento-e-lucro-nao-sao-sinonimos,supported_by,SRC-2e8bOe8rAtA
PRINCIPIO-producao-receita-recebimento-e-lucro-nao-sao-sinonimos,supported_by,SRC-gMTT0FRM_VA
PRINCIPIO-producao-receita-recebimento-e-lucro-nao-sao-sinonimos,supported_by,SRC-S7kkFctlT_o
PRINCIPIO-producao-receita-recebimento-e-lucro-nao-sao-sinonimos,supported_by,SRC-qlu-rANP6Wk
PRINCIPIO-producao-receita-recebimento-e-lucro-nao-sao-sinonimos,links_to,90_FONTES/CATALOGO/2e8bOe8rAtA
PRINCIPIO-producao-receita-recebimento-e-lucro-nao-sao-sinonimos,links_to,90_FONTES/CATALOGO/gMTT0FRM_VA
PRINCIPIO-producao-receita-recebimento-e-lucro-nao-sao-sinonimos,links_to,90_FONTES/CATALOGO/S7kkFctlT_o
PRINCIPIO-producao-receita-recebimento-e-lucro-nao-sao-sinonimos,links_to,90_FONTES/CATALOGO/qlu-rANP6Wk
PRINCIPIO-produto-muda-o-fluxo,supported_by,SRC-DEHg2psZQyk
PRINCIPIO-produto-muda-o-fluxo,supported_by,SRC-jCCFcr0LUQY
PRINCIPIO-produto-muda-o-fluxo,supported_by,SRC-Np3osX1AiuQ
PRINCIPIO-produto-muda-o-fluxo,supported_by,SRC-SYBDpwDUh2s
PRINCIPIO-produto-muda-o-fluxo,supported_by,SRC-uWJ3UVGjyMM
PRINCIPIO-produto-muda-o-fluxo,links_to,90_FONTES/CATALOGO/DEHg2psZQyk
PRINCIPIO-produto-muda-o-fluxo,links_to,90_FONTES/CATALOGO/jCCFcr0LUQY
PRINCIPIO-produto-muda-o-fluxo,links_to,90_FONTES/CATALOGO/Np3osX1AiuQ
PRINCIPIO-produto-muda-o-fluxo,links_to,90_FONTES/CATALOGO/SYBDpwDUh2s
PRINCIPIO-produto-muda-o-fluxo,links_to,90_FONTES/CATALOGO/uWJ3UVGjyMM
PRINCIPIO-rastreabilidade-reduz-cegueira-operacional,supported_by,SRC-lOvhBIPc1vA
PRINCIPIO-rastreabilidade-reduz-cegueira-operacional,supported_by,SRC-vffHWn532dU
PRINCIPIO-rastreabilidade-reduz-cegueira-operacional,links_to,90_FONTES/CATALOGO/lOvhBIPc1vA
PRINCIPIO-rastreabilidade-reduz-cegueira-operacional,links_to,90_FONTES/CATALOGO/vffHWn532dU
PRINCIPIO-regra-historica-nao-e-regra-vigente,supported_by,SRC-12iSXmjMWRA
PRINCIPIO-regra-historica-nao-e-regra-vigente,supported_by,SRC-1JbsIScv-L0
PRINCIPIO-regra-historica-nao-e-regra-vigente,supported_by,SRC-aJcHOtOZKYQ
PRINCIPIO-regra-historica-nao-e-regra-vigente,supported_by,SRC-lIFG-WiSsFg
PRINCIPIO-regra-historica-nao-e-regra-vigente,links_to,90_FONTES/CATALOGO/12iSXmjMWRA
PRINCIPIO-regra-historica-nao-e-regra-vigente,links_to,90_FONTES/CATALOGO/1JbsIScv-L0
PRINCIPIO-regra-historica-nao-e-regra-vigente,links_to,90_FONTES/CATALOGO/aJcHOtOZKYQ
PRINCIPIO-regra-historica-nao-e-regra-vigente,links_to,90_FONTES/CATALOGO/lIFG-WiSsFg
PRINCIPIO-status-sem-tempo-responsavel-e-proxima-acao-e-insuficiente,supported_by,SRC-YqwTaBUX1Do
PRINCIPIO-status-sem-tempo-responsavel-e-proxima-acao-e-insuficiente,supported_by,SRC-lOvhBIPc1vA
PRINCIPIO-status-sem-tempo-responsavel-e-proxima-acao-e-insuficiente,supported_by,SRC-cG_2TxueZKQ
PRINCIPIO-status-sem-tempo-responsavel-e-proxima-acao-e-insuficiente,links_to,90_FONTES/CATALOGO/YqwTaBUX1Do
PRINCIPIO-status-sem-tempo-responsavel-e-proxima-acao-e-insuficiente,links_to,90_FONTES/CATALOGO/lOvhBIPc1vA
PRINCIPIO-status-sem-tempo-responsavel-e-proxima-acao-e-insuficiente,links_to,90_FONTES/CATALOGO/cG_2TxueZKQ
PRINCIPIO-tecnologia-nao-elimina-gestao,supported_by,SRC-lF22lEIfXMA
PRINCIPIO-tecnologia-nao-elimina-gestao,supported_by,SRC-uzUaZsXpz0o
PRINCIPIO-tecnologia-nao-elimina-gestao,links_to,90_FONTES/CATALOGO/lF22lEIfXMA
PRINCIPIO-tecnologia-nao-elimina-gestao,links_to,90_FONTES/CATALOGO/uzUaZsXpz0o
PRINCIPIO-vendido-digitado-formalizado-pago-e-comissionado-sao-estados-diferentes,supported_by,SRC-hX8K6EH_bTw
PRINCIPIO-vendido-digitado-formalizado-pago-e-comissionado-sao-estados-diferentes,supported_by,SRC-YqwTaBUX1Do
PRINCIPIO-vendido-digitado-formalizado-pago-e-comissionado-sao-estados-diferentes,supported_by,SRC-gMTT0FRM_VA
PRINCIPIO-vendido-digitado-formalizado-pago-e-comissionado-sao-estados-diferentes,supported_by,SRC-S7kkFctlT_o
PRINCIPIO-vendido-digitado-formalizado-pago-e-comissionado-sao-estados-diferentes,links_to,90_FONTES/CATALOGO/hX8K6EH_bTw
PRINCIPIO-vendido-digitado-formalizado-pago-e-comissionado-sao-estados-diferentes,links_to,90_FONTES/CATALOGO/YqwTaBUX1Do
PRINCIPIO-vendido-digitado-formalizado-pago-e-comissionado-sao-estados-diferentes,links_to,90_FONTES/CATALOGO/gMTT0FRM_VA
PRINCIPIO-vendido-digitado-formalizado-pago-e-comissionado-sao-estados-diferentes,links_to,90_FONTES/CATALOGO/S7kkFctlT_o
PRINCIPIO-volume-sem-capacidade-operacional-gera-desperdicio,supported_by,SRC-npMJIP5Te54
PRINCIPIO-volume-sem-capacidade-operacional-gera-desperdicio,supported_by,SRC-kOac1JMjOXc
PRINCIPIO-volume-sem-capacidade-operacional-gera-desperdicio,supported_by,SRC-hX8K6EH_bTw
PRINCIPIO-volume-sem-capacidade-operacional-gera-desperdicio,links_to,90_FONTES/CATALOGO/npMJIP5Te54
PRINCIPIO-volume-sem-capacidade-operacional-gera-desperdicio,links_to,90_FONTES/CATALOGO/kOac1JMjOXc
PRINCIPIO-volume-sem-capacidade-operacional-gera-desperdicio,links_to,90_FONTES/CATALOGO/hX8K6EH_bTw
TERMO-averbacao,supported_by,SRC-YqwTaBUX1Do
TERMO-averbacao,supported_by,SRC-lOvhBIPc1vA
TERMO-averbacao,links_to,90_FONTES/CATALOGO/YqwTaBUX1Do
TERMO-averbacao,links_to,90_FONTES/CATALOGO/lOvhBIPc1vA
TERMO-banco-originador,supported_by,SRC-YqwTaBUX1Do
TERMO-banco-originador,supported_by,SRC-lOvhBIPc1vA
TERMO-banco-originador,supported_by,SRC-lIFG-WiSsFg
TERMO-banco-originador,links_to,90_FONTES/CATALOGO/YqwTaBUX1Do
TERMO-banco-originador,links_to,90_FONTES/CATALOGO/lOvhBIPc1vA
TERMO-banco-originador,links_to,90_FONTES/CATALOGO/lIFG-WiSsFg
TERMO-banco-proponente,supported_by,SRC-YqwTaBUX1Do
TERMO-banco-proponente,supported_by,SRC-DEHg2psZQyk
TERMO-banco-proponente,supported_by,SRC-jgRo1hzsNbU
TERMO-banco-proponente,links_to,90_FONTES/CATALOGO/YqwTaBUX1Do
TERMO-banco-proponente,links_to,90_FONTES/CATALOGO/DEHg2psZQyk
TERMO-banco-proponente,links_to,90_FONTES/CATALOGO/jgRo1hzsNbU
TERMO-carteira,supported_by,SRC-1dOhmKf2_vI
TERMO-carteira,supported_by,SRC-cG_2TxueZKQ
TERMO-carteira,supported_by,SRC-hVG-hIGChPY
TERMO-carteira,supported_by,SRC-oq_7VkDPeGA
TERMO-carteira,supported_by,SRC-qlu-rANP6Wk
TERMO-carteira,links_to,90_FONTES/CATALOGO/1dOhmKf2_vI
TERMO-carteira,links_to,90_FONTES/CATALOGO/cG_2TxueZKQ
TERMO-carteira,links_to,90_FONTES/CATALOGO/hVG-hIGChPY
TERMO-carteira,links_to,90_FONTES/CATALOGO/oq_7VkDPeGA
TERMO-carteira,links_to,90_FONTES/CATALOGO/qlu-rANP6Wk
TERMO-comissao,supported_by,SRC-S7kkFctlT_o
TERMO-comissao,supported_by,SRC-fPipFrLlhnE
TERMO-comissao,supported_by,SRC-lqehMv0JQ_0
TERMO-comissao,supported_by,SRC-qlu-rANP6Wk
TERMO-comissao,supported_by,SRC-tLdCPHF5k8o
TERMO-comissao,supported_by,SRC-uzUaZsXpz0o
TERMO-comissao,links_to,90_FONTES/CATALOGO/S7kkFctlT_o
TERMO-comissao,links_to,90_FONTES/CATALOGO/fPipFrLlhnE
TERMO-comissao,links_to,90_FONTES/CATALOGO/lqehMv0JQ_0
TERMO-comissao,links_to,90_FONTES/CATALOGO/qlu-rANP6Wk
TERMO-comissao,links_to,90_FONTES/CATALOGO/tLdCPHF5k8o
TERMO-comissao,links_to,90_FONTES/CATALOGO/uzUaZsXpz0o
TERMO-contrato-novo,supported_by,SRC--xpmCb7TugU
TERMO-contrato-novo,supported_by,SRC-Fkzz5JePGb4
TERMO-contrato-novo,supported_by,SRC-GPrBygrTUsc
TERMO-contrato-novo,links_to,90_FONTES/CATALOGO/-xpmCb7TugU
TERMO-contrato-novo,links_to,90_FONTES/CATALOGO/Fkzz5JePGb4
TERMO-contrato-novo,links_to,90_FONTES/CATALOGO/GPrBygrTUsc
TERMO-convenio,supported_by,SRC-hvjxwlSUDS8
TERMO-convenio,supported_by,SRC-uzUaZsXpz0o
TERMO-convenio,supported_by,SRC-kkq13beQxrQ
TERMO-convenio,links_to,90_FONTES/CATALOGO/hvjxwlSUDS8
TERMO-convenio,links_to,90_FONTES/CATALOGO/uzUaZsXpz0o
TERMO-convenio,links_to,90_FONTES/CATALOGO/kkq13beQxrQ
TERMO-corban,supported_by,SRC-4ENJRs8ekQE
TERMO-corban,supported_by,SRC-CvKTD31Jnz8
TERMO-corban,supported_by,SRC-GPrBygrTUsc
TERMO-corban,supported_by,SRC-hX8K6EH_bTw
TERMO-corban,supported_by,SRC-lOvhBIPc1vA
TERMO-corban,supported_by,SRC-qlu-rANP6Wk
TERMO-corban,links_to,90_FONTES/CATALOGO/4ENJRs8ekQE
TERMO-corban,links_to,90_FONTES/CATALOGO/CvKTD31Jnz8
TERMO-corban,links_to,90_FONTES/CATALOGO/GPrBygrTUsc
TERMO-corban,links_to,90_FONTES/CATALOGO/hX8K6EH_bTw
TERMO-corban,links_to,90_FONTES/CATALOGO/lOvhBIPc1vA
TERMO-corban,links_to,90_FONTES/CATALOGO/qlu-rANP6Wk
TERMO-crm,supported_by,SRC-cG_2TxueZKQ
TERMO-crm,supported_by,SRC-hX8K6EH_bTw
TERMO-crm,supported_by,SRC-npMJIP5Te54
TERMO-crm,links_to,90_FONTES/CATALOGO/cG_2TxueZKQ
TERMO-crm,links_to,90_FONTES/CATALOGO/hX8K6EH_bTw
TERMO-crm,links_to,90_FONTES/CATALOGO/npMJIP5Te54
TERMO-desaverbacao,supported_by,SRC-lOvhBIPc1vA
TERMO-desaverbacao,links_to,90_FONTES/CATALOGO/lOvhBIPc1vA
TERMO-digitacao,supported_by,SRC--xpmCb7TugU
TERMO-digitacao,supported_by,SRC-Fkzz5JePGb4
TERMO-digitacao,supported_by,SRC-PkM5BR5dQjQ
TERMO-digitacao,supported_by,SRC-lOvhBIPc1vA
TERMO-digitacao,supported_by,SRC-npMJIP5Te54
TERMO-digitacao,supported_by,SRC-vffHWn532dU
TERMO-digitacao,links_to,90_FONTES/CATALOGO/-xpmCb7TugU
TERMO-digitacao,links_to,90_FONTES/CATALOGO/Fkzz5JePGb4
TERMO-digitacao,links_to,90_FONTES/CATALOGO/PkM5BR5dQjQ
TERMO-digitacao,links_to,90_FONTES/CATALOGO/lOvhBIPc1vA
TERMO-digitacao,links_to,90_FONTES/CATALOGO/npMJIP5Te54
TERMO-digitacao,links_to,90_FONTES/CATALOGO/vffHWn532dU
TERMO-discadora,supported_by,SRC-hX8K6EH_bTw
TERMO-discadora,supported_by,SRC-kOac1JMjOXc
TERMO-discadora,links_to,90_FONTES/CATALOGO/hX8K6EH_bTw
TERMO-discadora,links_to,90_FONTES/CATALOGO/kOac1JMjOXc
TERMO-enriquecimento-de-dados,supported_by,SRC-hX8K6EH_bTw
TERMO-enriquecimento-de-dados,links_to,90_FONTES/CATALOGO/hX8K6EH_bTw
TERMO-esteira,supported_by,SRC-cG_2TxueZKQ
TERMO-esteira,supported_by,SRC-hX8K6EH_bTw
TERMO-esteira,supported_by,SRC-YqwTaBUX1Do
TERMO-esteira,links_to,90_FONTES/CATALOGO/cG_2TxueZKQ
TERMO-esteira,links_to,90_FONTES/CATALOGO/hX8K6EH_bTw
TERMO-esteira,links_to,90_FONTES/CATALOGO/YqwTaBUX1Do
TERMO-estorno,supported_by,SRC-jCCFcr0LUQY
TERMO-estorno,links_to,90_FONTES/CATALOGO/jCCFcr0LUQY
TERMO-formalizacao,supported_by,SRC-7JO1Lk_QEYI
TERMO-formalizacao,supported_by,SRC-npMJIP5Te54
TERMO-formalizacao,links_to,90_FONTES/CATALOGO/7JO1Lk_QEYI
TERMO-formalizacao,links_to,90_FONTES/CATALOGO/npMJIP5Te54
TERMO-higienizacao-de-base,supported_by,SRC-hX8K6EH_bTw
TERMO-higienizacao-de-base,supported_by,SRC-igSOHG-ewic
TERMO-higienizacao-de-base,links_to,90_FONTES/CATALOGO/hX8K6EH_bTw
TERMO-higienizacao-de-base,links_to,90_FONTES/CATALOGO/igSOHG-ewic
TERMO-lead,supported_by,SRC-7JO1Lk_QEYI
TERMO-lead,supported_by,SRC-lF22lEIfXMA
TERMO-lead,supported_by,SRC-npMJIP5Te54
TERMO-lead,links_to,90_FONTES/CATALOGO/7JO1Lk_QEYI
TERMO-lead,links_to,90_FONTES/CATALOGO/lF22lEIfXMA
TERMO-lead,links_to,90_FONTES/CATALOGO/npMJIP5Te54
TERMO-mailing,supported_by,SRC-hX8K6EH_bTw
TERMO-mailing,supported_by,SRC-9UMcUdgPXtE
TERMO-mailing,links_to,90_FONTES/CATALOGO/hX8K6EH_bTw
TERMO-mailing,links_to,90_FONTES/CATALOGO/9UMcUdgPXtE
TERMO-margem-consignavel,supported_by,SRC-4ENJRs8ekQE
TERMO-margem-consignavel,supported_by,SRC-GPrBygrTUsc
TERMO-margem-consignavel,links_to,90_FONTES/CATALOGO/4ENJRs8ekQE
TERMO-margem-consignavel,links_to,90_FONTES/CATALOGO/GPrBygrTUsc
TERMO-margem,supported_by,SRC--xpmCb7TugU
TERMO-margem,supported_by,SRC-4ENJRs8ekQE
TERMO-margem,supported_by,SRC-Fkzz5JePGb4
TERMO-margem,supported_by,SRC-GPrBygrTUsc
TERMO-margem,supported_by,SRC-PkM5BR5dQjQ
TERMO-margem,supported_by,SRC-uzUaZsXpz0o
TERMO-margem,links_to,90_FONTES/CATALOGO/-xpmCb7TugU
TERMO-margem,links_to,90_FONTES/CATALOGO/4ENJRs8ekQE
TERMO-margem,links_to,90_FONTES/CATALOGO/Fkzz5JePGb4
TERMO-margem,links_to,90_FONTES/CATALOGO/GPrBygrTUsc
TERMO-margem,links_to,90_FONTES/CATALOGO/PkM5BR5dQjQ
TERMO-margem,links_to,90_FONTES/CATALOGO/uzUaZsXpz0o
TERMO-meu-inss,supported_by,SRC-JiQ3fRMz4eg
TERMO-meu-inss,supported_by,SRC-uzUaZsXpz0o
TERMO-meu-inss,links_to,90_FONTES/CATALOGO/JiQ3fRMz4eg
TERMO-meu-inss,links_to,90_FONTES/CATALOGO/uzUaZsXpz0o
TERMO-pendencia,supported_by,SRC-7JO1Lk_QEYI
TERMO-pendencia,supported_by,SRC-d-YnWqf65r4
TERMO-pendencia,supported_by,SRC-jgRo1hzsNbU
TERMO-pendencia,links_to,90_FONTES/CATALOGO/7JO1Lk_QEYI
TERMO-pendencia,links_to,90_FONTES/CATALOGO/d-YnWqf65r4
TERMO-pendencia,links_to,90_FONTES/CATALOGO/jgRo1hzsNbU
TERMO-portabilidade,supported_by,SRC-DEHg2psZQyk
TERMO-portabilidade,supported_by,SRC-S7kkFctlT_o
TERMO-portabilidade,supported_by,SRC-YqwTaBUX1Do
TERMO-portabilidade,supported_by,SRC-awHfxJT-9Mw
TERMO-portabilidade,supported_by,SRC-lqehMv0JQ_0
TERMO-portabilidade,supported_by,SRC-qlu-rANP6Wk
TERMO-portabilidade,supported_by,SRC-uzUaZsXpz0o
TERMO-portabilidade,links_to,90_FONTES/CATALOGO/DEHg2psZQyk
TERMO-portabilidade,links_to,90_FONTES/CATALOGO/S7kkFctlT_o
TERMO-portabilidade,links_to,90_FONTES/CATALOGO/YqwTaBUX1Do
TERMO-portabilidade,links_to,90_FONTES/CATALOGO/awHfxJT-9Mw
TERMO-portabilidade,links_to,90_FONTES/CATALOGO/lqehMv0JQ_0
TERMO-portabilidade,links_to,90_FONTES/CATALOGO/qlu-rANP6Wk
TERMO-portabilidade,links_to,90_FONTES/CATALOGO/uzUaZsXpz0o
TERMO-producao,supported_by,SRC-7JO1Lk_QEYI
TERMO-producao,supported_by,SRC-cG_2TxueZKQ
TERMO-producao,supported_by,SRC-npMJIP5Te54
TERMO-producao,links_to,90_FONTES/CATALOGO/7JO1Lk_QEYI
TERMO-producao,links_to,90_FONTES/CATALOGO/cG_2TxueZKQ
TERMO-producao,links_to,90_FONTES/CATALOGO/npMJIP5Te54
TERMO-promotora,supported_by,SRC-cG_2TxueZKQ
TERMO-promotora,supported_by,SRC-fPipFrLlhnE
TERMO-promotora,supported_by,SRC-kkq13beQxrQ
TERMO-promotora,supported_by,SRC-qlu-rANP6Wk
TERMO-promotora,supported_by,SRC-tLdCPHF5k8o
TERMO-promotora,links_to,90_FONTES/CATALOGO/cG_2TxueZKQ
TERMO-promotora,links_to,90_FONTES/CATALOGO/fPipFrLlhnE
TERMO-promotora,links_to,90_FONTES/CATALOGO/kkq13beQxrQ
TERMO-promotora,links_to,90_FONTES/CATALOGO/qlu-rANP6Wk
TERMO-promotora,links_to,90_FONTES/CATALOGO/tLdCPHF5k8o
TERMO-refinanciamento,supported_by,SRC-YqwTaBUX1Do
TERMO-refinanciamento,supported_by,SRC-gMTT0FRM_VA
TERMO-refinanciamento,supported_by,SRC-uzUaZsXpz0o
TERMO-refinanciamento,links_to,90_FONTES/CATALOGO/YqwTaBUX1Do
TERMO-refinanciamento,links_to,90_FONTES/CATALOGO/gMTT0FRM_VA
TERMO-refinanciamento,links_to,90_FONTES/CATALOGO/uzUaZsXpz0o
TERMO-repasse,supported_by,SRC-7JO1Lk_QEYI
TERMO-repasse,supported_by,SRC-S7kkFctlT_o
TERMO-repasse,supported_by,SRC-d-YnWqf65r4
TERMO-repasse,supported_by,SRC-jgRo1hzsNbU
TERMO-repasse,supported_by,SRC-lqehMv0JQ_0
TERMO-repasse,supported_by,SRC-qlu-rANP6Wk
TERMO-repasse,supported_by,SRC-uzUaZsXpz0o
TERMO-repasse,links_to,90_FONTES/CATALOGO/7JO1Lk_QEYI
TERMO-repasse,links_to,90_FONTES/CATALOGO/S7kkFctlT_o
TERMO-repasse,links_to,90_FONTES/CATALOGO/d-YnWqf65r4
TERMO-repasse,links_to,90_FONTES/CATALOGO/jgRo1hzsNbU
TERMO-repasse,links_to,90_FONTES/CATALOGO/lqehMv0JQ_0
TERMO-repasse,links_to,90_FONTES/CATALOGO/qlu-rANP6Wk
TERMO-repasse,links_to,90_FONTES/CATALOGO/uzUaZsXpz0o
TERMO-retencao,supported_by,SRC-YqwTaBUX1Do
TERMO-retencao,supported_by,SRC-igSOHG-ewic
TERMO-retencao,supported_by,SRC-lOvhBIPc1vA
TERMO-retencao,supported_by,SRC-vffHWn532dU
TERMO-retencao,links_to,90_FONTES/CATALOGO/YqwTaBUX1Do
TERMO-retencao,links_to,90_FONTES/CATALOGO/igSOHG-ewic
TERMO-retencao,links_to,90_FONTES/CATALOGO/lOvhBIPc1vA
TERMO-retencao,links_to,90_FONTES/CATALOGO/vffHWn532dU
TERMO-roteiro-operacional,supported_by,SRC-klqqUW16ZKk
TERMO-roteiro-operacional,supported_by,SRC-uzUaZsXpz0o
TERMO-roteiro-operacional,links_to,90_FONTES/CATALOGO/klqqUW16ZKk
TERMO-roteiro-operacional,links_to,90_FONTES/CATALOGO/uzUaZsXpz0o
TERMO-saldo-devedor,supported_by,SRC-jCCFcr0LUQY
TERMO-saldo-devedor,supported_by,SRC-oV8_ro58Bso
TERMO-saldo-devedor,links_to,90_FONTES/CATALOGO/jCCFcr0LUQY
TERMO-saldo-devedor,links_to,90_FONTES/CATALOGO/oV8_ro58Bso
TERMO-sistema-de-consulta,supported_by,SRC-uzUaZsXpz0o
TERMO-sistema-de-consulta,links_to,90_FONTES/CATALOGO/uzUaZsXpz0o
TERMO-tomador,supported_by,SRC-kp3zioWiQlc
TERMO-tomador,supported_by,SRC-hvjxwlSUDS8
TERMO-tomador,supported_by,SRC-lIFG-WiSsFg
TERMO-tomador,links_to,90_FONTES/CATALOGO/kp3zioWiQlc
TERMO-tomador,links_to,90_FONTES/CATALOGO/hvjxwlSUDS8
TERMO-tomador,links_to,90_FONTES/CATALOGO/lIFG-WiSsFg
TERMO-troco,supported_by,SRC-YOI-G0UmPYw
TERMO-troco,supported_by,SRC-mabv7uX4nA4
TERMO-troco,supported_by,SRC-uWJ3UVGjyMM
TERMO-troco,links_to,90_FONTES/CATALOGO/YOI-G0UmPYw
TERMO-troco,links_to,90_FONTES/CATALOGO/mabv7uX4nA4
TERMO-troco,links_to,90_FONTES/CATALOGO/uWJ3UVGjyMM
TERMO-ura-reversa,supported_by,SRC-hX8K6EH_bTw
TERMO-ura-reversa,supported_by,SRC-igSOHG-ewic
TERMO-ura-reversa,supported_by,SRC-kOac1JMjOXc
TERMO-ura-reversa,links_to,90_FONTES/CATALOGO/hX8K6EH_bTw
TERMO-ura-reversa,links_to,90_FONTES/CATALOGO/igSOHG-ewic
TERMO-ura-reversa,links_to,90_FONTES/CATALOGO/kOac1JMjOXc
KB-14,supported_by,SRC-12iSXmjMWRA
KB-14,supported_by,SRC-1JbsIScv-L0
KB-14,supported_by,SRC-8HMIEP9zolE
KB-14,supported_by,SRC-9D-OpgOhQKo
KB-14,supported_by,SRC-CvKTD31Jnz8
KB-14,supported_by,SRC-N1QMwTlmTQQ
KB-14,supported_by,SRC-WoU3ROhMNbc
KB-14,supported_by,SRC-YTuosC31jWU
KB-14,supported_by,SRC-aJcHOtOZKYQ
KB-14,supported_by,SRC-g_3SWp1ZTik
KB-14,supported_by,SRC-lIFG-WiSsFg
KB-14,supported_by,SRC-mabv7uX4nA4
KB-14,links_to,90_FONTES/CATALOGO/mabv7uX4nA4
KB-14,links_to,90_FONTES/CATALOGO/lIFG-WiSsFg
KB-14,links_to,90_FONTES/CATALOGO/g_3SWp1ZTik
KB-14,links_to,90_FONTES/CATALOGO/N1QMwTlmTQQ
KB-14,links_to,90_FONTES/CATALOGO/12iSXmjMWRA
KB-14,links_to,90_FONTES/CATALOGO/1JbsIScv-L0
KB-14,links_to,90_FONTES/CATALOGO/CvKTD31Jnz8
KB-14,links_to,90_FONTES/CATALOGO/YTuosC31jWU
KB-14,links_to,90_FONTES/CATALOGO/WoU3ROhMNbc
KB-14,links_to,90_FONTES/CATALOGO/8HMIEP9zolE
KB-14,links_to,90_FONTES/CATALOGO/9D-OpgOhQKo
KB-14,links_to,90_FONTES/CATALOGO/aJcHOtOZKYQ
KB-14,links_to,00_MODELO_MENTAL/Mapa - MOC - Validação e Divergências
KB-13,supported_by,SRC-2tJYDZ5hvYA
KB-13,supported_by,SRC-9UMcUdgPXtE
KB-13,supported_by,SRC-DEHg2psZQyk
KB-13,supported_by,SRC-cG_2TxueZKQ
KB-13,supported_by,SRC-h68gNHM2aKQ
KB-13,supported_by,SRC-kkq13beQxrQ
KB-13,supported_by,SRC-kp3zioWiQlc
KB-13,supported_by,SRC-npMJIP5Te54
KB-13,links_to,90_FONTES/CATALOGO/2tJYDZ5hvYA
KB-13,links_to,90_FONTES/CATALOGO/npMJIP5Te54
KB-13,links_to,90_FONTES/CATALOGO/h68gNHM2aKQ
KB-13,links_to,90_FONTES/CATALOGO/kkq13beQxrQ
KB-13,links_to,90_FONTES/CATALOGO/cG_2TxueZKQ
KB-13,links_to,90_FONTES/CATALOGO/kp3zioWiQlc
KB-13,links_to,90_FONTES/CATALOGO/9UMcUdgPXtE
KB-13,links_to,90_FONTES/CATALOGO/DEHg2psZQyk
KB-13,links_to,00_MODELO_MENTAL/Mapa - MOC - Validação e Divergências
