num,id,filename,theme,status,url
1,-4UN3eyRZEg,-4UN3eyRZEg.txt,Three As of service,Lido integralmente,https://github.com/lucasnascimento2tech-beep/contextomercado/blob/cf3e8b2d1cfb66d10114852487f7afe092d87560/-4UN3eyRZEg.txt
2,-e4TNFchxjk,-e4TNFchxjk.txt,HOW TO CHOOSE YOUR COMPANY NAME,Lido integralmente,https://github.com/lucasnascimento2tech-beep/contextomercado/blob/cf3e8b2d1cfb66d10114852487f7afe092d87560/-e4TNFchxjk.txt
3,-GrzRgqMyAE,-GrzRgqMyAE.txt,Port marked retained without acceptance,Lido integralmente,https://github.com/lucasnascimento2tech-beep/contextomercado/blob/cf3e8b2d1cfb66d10114852487f7afe092d87560/-GrzRgqMyAE.txt
4,-xpmCb7TugU,-xpmCb7TugU.txt,Aumento de 5% de margem - dicas operacionais,Lido integralmente,https://github.com/lucasnascimento2tech-beep/contextomercado/blob/cf3e8b2d1cfb66d10114852487f7afe092d87560/-xpmCb7TugU.txt
5,0jhm6Cvc5QQ,0jhm6Cvc5QQ.txt,Customer magnet Black Friday overview,Lido integralmente,https://github.com/lucasnascimento2tech-beep/contextomercado/blob/cf3e8b2d1cfb66d10114852487f7afe092d87560/0jhm6Cvc5QQ.txt
6,0qiCSAQt10s,0qiCSAQt10s.txt,Inside customer magnet training,Lido integralmente,https://github.com/lucasnascimento2tech-beep/contextomercado/blob/cf3e8b2d1cfb66d10114852487f7afe092d87560/0qiCSAQt10s.txt
7,0ZEsFM5W4J8,0ZEsFM5W4J8.txt,"Becoming a Banking and Real Estate Correspondent: With this program, you'll have your best year i...",Lido integralmente,https://github.com/lucasnascimento2tech-beep/contextomercado/blob/cf3e8b2d1cfb66d10114852487f7afe092d87560/0ZEsFM5W4J8.txt
8,12iSXmjMWRA,12iSXmjMWRA.txt,2026 income tax margin selling,Lido integralmente,https://github.com/lucasnascimento2tech-beep/contextomercado/blob/cf3e8b2d1cfb66d10114852487f7afe092d87560/12iSXmjMWRA.txt
9,13rLn-UjmUs,13rLn-UjmUs.txt,Franchise due diligence interview,Lido integralmente,https://github.com/lucasnascimento2tech-beep/contextomercado/blob/cf3e8b2d1cfb66d10114852487f7afe092d87560/13rLn-UjmUs.txt
10,1c0Uw3l4vKY,1c0Uw3l4vKY.txt,Dialer configuration and strategy,Lido integralmente,https://github.com/lucasnascimento2tech-beep/contextomercado/blob/cf3e8b2d1cfb66d10114852487f7afe092d87560/1c0Uw3l4vKY.txt
11,1cAc1gh6Ma0,1cAc1gh6Ma0.txt,Banking Correspondent: What will happen after Carnival + FEBRABAN ABECIP ANEPS Certification,Lido integralmente,https://github.com/lucasnascimento2tech-beep/contextomercado/blob/cf3e8b2d1cfb66d10114852487f7afe092d87560/1cAc1gh6Ma0.txt
12,1dOhmKf2_vI,1dOhmKf2_vI.txt,Customer loyalty from sale to post-sale,Lido integralmente,https://github.com/lucasnascimento2tech-beep/contextomercado/blob/cf3e8b2d1cfb66d10114852487f7afe092d87560/1dOhmKf2_vI.txt
13,1HS7_Fd4tj0,1HS7_Fd4tj0.txt,NovaVida Next B2B prospecting,Lido integralmente,https://github.com/lucasnascimento2tech-beep/contextomercado/blob/cf3e8b2d1cfb66d10114852487f7afe092d87560/1HS7_Fd4tj0.txt
14,1JbsIScv-L0,1JbsIScv-L0.txt,FEBRABAN FBB 100 Certification - Everything you need to know - Becoming a Banking Correspondent i...,Lido integralmente,https://github.com/lucasnascimento2tech-beep/contextomercado/blob/cf3e8b2d1cfb66d10114852487f7afe092d87560/1JbsIScv-L0.txt
15,1P7rV8qMI5g,1P7rV8qMI5g.txt,Thinking of becoming a BANKING CORRESPONDENT or getting certified? Now is the make-or-break moment,Lido integralmente,https://github.com/lucasnascimento2tech-beep/contextomercado/blob/cf3e8b2d1cfb66d10114852487f7afe092d87560/1P7rV8qMI5g.txt
16,1qFproDzHE4,1qFproDzHE4.txt,Choosing prospecting methods,Lido integralmente,https://github.com/lucasnascimento2tech-beep/contextomercado/blob/cf3e8b2d1cfb66d10114852487f7afe092d87560/1qFproDzHE4.txt
17,1TkD3WDzc4Q,1TkD3WDzc4Q.txt,Building a MEI seller team,Lido integralmente,https://github.com/lucasnascimento2tech-beep/contextomercado/blob/cf3e8b2d1cfb66d10114852487f7afe092d87560/1TkD3WDzc4Q.txt
18,2cSrFi--pMw,2cSrFi--pMw.txt,V8 FGTS typing walkthrough,Lido integralmente,https://github.com/lucasnascimento2tech-beep/contextomercado/blob/cf3e8b2d1cfb66d10114852487f7afe092d87560/2cSrFi--pMw.txt
19,2e8bOe8rAtA,2e8bOe8rAtA.txt,Quanto ganha um Correspondente Bancario REALMENTE? Vale a pena em 2026? #Aprova,Lido integralmente,https://github.com/lucasnascimento2tech-beep/contextomercado/blob/cf3e8b2d1cfb66d10114852487f7afe092d87560/2e8bOe8rAtA.txt
20,2tJYDZ5hvYA,2tJYDZ5hvYA.txt,Sales specialization turning point,Lido integralmente,https://github.com/lucasnascimento2tech-beep/contextomercado/blob/cf3e8b2d1cfb66d10114852487f7afe092d87560/2tJYDZ5hvYA.txt
21,2VIeu3I_BDY,2VIeu3I_BDY.txt,Margin from income-tax exemption referral,Lido integralmente,https://github.com/lucasnascimento2tech-beep/contextomercado/blob/cf3e8b2d1cfb66d10114852487f7afe092d87560/2VIeu3I_BDY.txt
22,312xSkqlx6E,312xSkqlx6E.txt,CORRESPONDENTE BANCARIO 2026: E HORA DE AGIR... OU PERDER #Aprova,Lido integralmente,https://github.com/lucasnascimento2tech-beep/contextomercado/blob/cf3e8b2d1cfb66d10114852487f7afe092d87560/312xSkqlx6E.txt
23,3TKdj_19cVE,3TKdj_19cVE.txt,Building trust in remote credit sale,Lido integralmente,https://github.com/lucasnascimento2tech-beep/contextomercado/blob/cf3e8b2d1cfb66d10114852487f7afe092d87560/3TKdj_19cVE.txt
24,3U-KKU7bDwA,3U-KKU7bDwA.txt,Four steps to enter corban business,Lido integralmente,https://github.com/lucasnascimento2tech-beep/contextomercado/blob/cf3e8b2d1cfb66d10114852487f7afe092d87560/3U-KKU7bDwA.txt
25,4ENJRs8ekQE,4ENJRs8ekQE.txt,2026 margin increase calculation,Lido integralmente,https://github.com/lucasnascimento2tech-beep/contextomercado/blob/cf3e8b2d1cfb66d10114852487f7afe092d87560/4ENJRs8ekQE.txt
26,4H_XyNZWoB4,4H_XyNZWoB4.txt,"Being a FOREIGN EXCHANGE BANKING CORRESPONDENT - Is it worth it? Abracam ABT, ABT1, ABT2 Certific...",Lido integralmente,https://github.com/lucasnascimento2tech-beep/contextomercado/blob/cf3e8b2d1cfb66d10114852487f7afe092d87560/4H_XyNZWoB4.txt
27,4Uw6eqcOSjs,4Uw6eqcOSjs.txt,Financial management of corban,Lido integralmente,https://github.com/lucasnascimento2tech-beep/contextomercado/blob/cf3e8b2d1cfb66d10114852487f7afe092d87560/4Uw6eqcOSjs.txt
28,4VRUfnDSeSM,4VRUfnDSeSM.txt,"CORRESPONDENTE BANCARIO: O mes da virada - Se nao ver esse video, voce vai se arrepender -FBB, CA300",Lido integralmente,https://github.com/lucasnascimento2tech-beep/contextomercado/blob/cf3e8b2d1cfb66d10114852487f7afe092d87560/4VRUfnDSeSM.txt
29,5-LTc3NlQnI,5-LTc3NlQnI.txt,What are the Profitable Functions of a Banking Correspondent in 2026 - Lesson 02 - Corban From Sc...,Lido integralmente,https://github.com/lucasnascimento2tech-beep/contextomercado/blob/cf3e8b2d1cfb66d10114852487f7afe092d87560/5-LTc3NlQnI.txt
30,5qcriRcYzoU,5qcriRcYzoU.txt,HOW TO BE A BANKING CORRESPONDENT: The 3 rules to be VERY successful - Watch out so you don't mes...,Lido integralmente,https://github.com/lucasnascimento2tech-beep/contextomercado/blob/cf3e8b2d1cfb66d10114852487f7afe092d87560/5qcriRcYzoU.txt
31,5rcLtw40xis,5rcLtw40xis.txt,Correspondente Bancario: 3 dicas secretas para ter CLIENTES - Curso Gratis #corban,Lido integralmente,https://github.com/lucasnascimento2tech-beep/contextomercado/blob/cf3e8b2d1cfb66d10114852487f7afe092d87560/5rcLtw40xis.txt
32,5uAHsAUtFmA,5uAHsAUtFmA.txt,How to Be a Banking Correspondent in 2026: Common Mistakes and How to Avoid Them,Lido integralmente,https://github.com/lucasnascimento2tech-beep/contextomercado/blob/cf3e8b2d1cfb66d10114852487f7afe092d87560/5uAHsAUtFmA.txt
33,61K-UrdQv5Q,61K-UrdQv5Q.txt,NovaVida data intelligence overview,Lido integralmente,https://github.com/lucasnascimento2tech-beep/contextomercado/blob/cf3e8b2d1cfb66d10114852487f7afe092d87560/61K-UrdQv5Q.txt
34,65zW7MSu4rg,65zW7MSu4rg.txt,URA reversa and small-team prospecting,Lido integralmente,https://github.com/lucasnascimento2tech-beep/contextomercado/blob/cf3e8b2d1cfb66d10114852487f7afe092d87560/65zW7MSu4rg.txt
35,6H_N_ZFSEUs,6H_N_ZFSEUs.txt,Starting a corban in 2026,Lido integralmente,https://github.com/lucasnascimento2tech-beep/contextomercado/blob/cf3e8b2d1cfb66d10114852487f7afe092d87560/6H_N_ZFSEUs.txt
36,6HcJ0JB77wY,6HcJ0JB77wY.txt,Being a Banking Correspondent for payroll loans: How to find clients THE RIGHT WAY,Lido integralmente,https://github.com/lucasnascimento2tech-beep/contextomercado/blob/cf3e8b2d1cfb66d10114852487f7afe092d87560/6HcJ0JB77wY.txt
37,6O-4FIyE9ew,6O-4FIyE9ew.txt,Dialer as credit selling tool,Lido integralmente,https://github.com/lucasnascimento2tech-beep/contextomercado/blob/cf3e8b2d1cfb66d10114852487f7afe092d87560/6O-4FIyE9ew.txt
38,6U8SGxihknI,6U8SGxihknI.txt,Five-stage corban entry journey,Lido integralmente,https://github.com/lucasnascimento2tech-beep/contextomercado/blob/cf3e8b2d1cfb66d10114852487f7afe092d87560/6U8SGxihknI.txt
39,7gHC90Jj7xc,7gHC90Jj7xc.txt,Variable compensation and labor planning,Lido integralmente,https://github.com/lucasnascimento2tech-beep/contextomercado/blob/cf3e8b2d1cfb66d10114852487f7afe092d87560/7gHC90Jj7xc.txt
40,7JO1Lk_QEYI,7JO1Lk_QEYI.txt,Seller training and structured commercial operations,Lido integralmente,https://github.com/lucasnascimento2tech-beep/contextomercado/blob/cf3e8b2d1cfb66d10114852487f7afe092d87560/7JO1Lk_QEYI.txt
41,7l7wJCJ-9YM,7l7wJCJ-9YM.txt,Registration through promoter instead of franchise,Lido integralmente,https://github.com/lucasnascimento2tech-beep/contextomercado/blob/cf3e8b2d1cfb66d10114852487f7afe092d87560/7l7wJCJ-9YM.txt
42,7nc__Z9L4Vc,7nc__Z9L4Vc.txt,WA automation functions and customer data,Lido integralmente,https://github.com/lucasnascimento2tech-beep/contextomercado/blob/cf3e8b2d1cfb66d10114852487f7afe092d87560/7nc__Z9L4Vc.txt
43,8cfFdr3_mxI,8cfFdr3_mxI.txt,NoZap import and messaging demonstration,Lido integralmente,https://github.com/lucasnascimento2tech-beep/contextomercado/blob/cf3e8b2d1cfb66d10114852487f7afe092d87560/8cfFdr3_mxI.txt
44,8HMIEP9zolE,8HMIEP9zolE.txt,Audience supplier poll for 2025,Lido integralmente,https://github.com/lucasnascimento2tech-beep/contextomercado/blob/cf3e8b2d1cfb66d10114852487f7afe092d87560/8HMIEP9zolE.txt
45,8I5UQObypYA,8I5UQObypYA.txt,SGS Bacen and market indicators,Lido integralmente,https://github.com/lucasnascimento2tech-beep/contextomercado/blob/cf3e8b2d1cfb66d10114852487f7afe092d87560/8I5UQObypYA.txt
46,8m_IYVvYY-c,8m_IYVvYY-c.txt,"Banking Correspondent Certification: The 4 Secrets 2026 - FEBRABAN FBB-100, ANEPS, CA-300, CA-600",Lido integralmente,https://github.com/lucasnascimento2tech-beep/contextomercado/blob/cf3e8b2d1cfb66d10114852487f7afe092d87560/8m_IYVvYY-c.txt
47,8V7bThJZuwg,8V7bThJZuwg.txt,Startup cost structure by operation model,Lido integralmente,https://github.com/lucasnascimento2tech-beep/contextomercado/blob/cf3e8b2d1cfb66d10114852487f7afe092d87560/8V7bThJZuwg.txt
48,8XP7LU5NZ-A,8XP7LU5NZ-A.txt,CLT self-service through referral partners,Lido integralmente,https://github.com/lucasnascimento2tech-beep/contextomercado/blob/cf3e8b2d1cfb66d10114852487f7afe092d87560/8XP7LU5NZ-A.txt
49,9D-OpgOhQKo,9D-OpgOhQKo.txt,Supplier audience poll 2023,Lido integralmente,https://github.com/lucasnascimento2tech-beep/contextomercado/blob/cf3e8b2d1cfb66d10114852487f7afe092d87560/9D-OpgOhQKo.txt
50,9jj0YYPQPQI,9jj0YYPQPQI.txt,Apostila ANEPS Atualizada 2026 - Prova Aneps Correspondente Bancario - Nao faca isso,Lido integralmente,https://github.com/lucasnascimento2tech-beep/contextomercado/blob/cf3e8b2d1cfb66d10114852487f7afe092d87560/9jj0YYPQPQI.txt
51,9UMcUdgPXtE,9UMcUdgPXtE.txt,Portability lesson2 filtering before selling,Lido integralmente,https://github.com/lucasnascimento2tech-beep/contextomercado/blob/cf3e8b2d1cfb66d10114852487f7afe092d87560/9UMcUdgPXtE.txt
52,_nFyM7I_Igg,_nFyM7I_Igg.txt,Finding payroll loan clients,Lido integralmente,https://github.com/lucasnascimento2tech-beep/contextomercado/blob/cf3e8b2d1cfb66d10114852487f7afe092d87560/_nFyM7I_Igg.txt
53,_PFG5386L6s,_PFG5386L6s.txt,04 - Treinamento Emprestimo Consignado - Como vender a Portabilidade de Emprestimo Consignado,Lido integralmente,https://github.com/lucasnascimento2tech-beep/contextomercado/blob/cf3e8b2d1cfb66d10114852487f7afe092d87560/_PFG5386L6s.txt
54,_uyp3aZCgfk,_uyp3aZCgfk.txt,SELLING PAYROLL LOANS VIA SOCIAL MEDIA,Lido integralmente,https://github.com/lucasnascimento2tech-beep/contextomercado/blob/cf3e8b2d1cfb66d10114852487f7afe092d87560/_uyp3aZCgfk.txt
55,_vqVgFWPDcQ,_vqVgFWPDcQ.txt,Which banks to sign up with as a Banking Correspondent,Lido integralmente,https://github.com/lucasnascimento2tech-beep/contextomercado/blob/cf3e8b2d1cfb66d10114852487f7afe092d87560/_vqVgFWPDcQ.txt
56,_VVILHDb9XU,_VVILHDb9XU.txt,Como iniciar sozinho no mercado de credito?,Lido integralmente,https://github.com/lucasnascimento2tech-beep/contextomercado/blob/cf3e8b2d1cfb66d10114852487f7afe092d87560/_VVILHDb9XU.txt
57,A43wSK_0Axo,A43wSK_0Axo.txt,Nova Vida data intelligence interview,Lido integralmente,https://github.com/lucasnascimento2tech-beep/contextomercado/blob/cf3e8b2d1cfb66d10114852487f7afe092d87560/A43wSK_0Axo.txt
58,aJcHOtOZKYQ,aJcHOtOZKYQ.txt,O FIM DO SAQUE ANIVERSARIO DO FGTS,Lido integralmente,https://github.com/lucasnascimento2tech-beep/contextomercado/blob/cf3e8b2d1cfb66d10114852487f7afe092d87560/aJcHOtOZKYQ.txt
59,aQ3sqf0j-X8,aQ3sqf0j-X8.txt,All products certifications unlocked,Lido integralmente,https://github.com/lucasnascimento2tech-beep/contextomercado/blob/cf3e8b2d1cfb66d10114852487f7afe092d87560/aQ3sqf0j-X8.txt
60,AQPkr4Cc9t0,AQPkr4Cc9t0.txt,Atendeu Consignados paid acquisition case,Lido integralmente,https://github.com/lucasnascimento2tech-beep/contextomercado/blob/cf3e8b2d1cfb66d10114852487f7afe092d87560/AQPkr4Cc9t0.txt
61,AW2-ScP9WAM,AW2-ScP9WAM.txt,Prova ANEPS 2026: Nao cometa esses erros ao estudar,Lido integralmente,https://github.com/lucasnascimento2tech-beep/contextomercado/blob/cf3e8b2d1cfb66d10114852487f7afe092d87560/AW2-ScP9WAM.txt
62,awHfxJT-9Mw,awHfxJT-9Mw.txt,01 Treinamento de Portabilidade - O que e Portabilidade?,Lido integralmente,https://github.com/lucasnascimento2tech-beep/contextomercado/blob/cf3e8b2d1cfb66d10114852487f7afe092d87560/awHfxJT-9Mw.txt
63,B-SrGu71Auk,B-SrGu71Auk.txt,Four prospecting routes and sequence,Lido integralmente,https://github.com/lucasnascimento2tech-beep/contextomercado/blob/cf3e8b2d1cfb66d10114852487f7afe092d87560/B-SrGu71Auk.txt
64,b0xZ1TDVs5Y,b0xZ1TDVs5Y.txt,Os melhores ensinamentos sobre o mercado de credito,Lido integralmente,https://github.com/lucasnascimento2tech-beep/contextomercado/blob/cf3e8b2d1cfb66d10114852487f7afe092d87560/b0xZ1TDVs5Y.txt
65,B_pUYw5KEHU,B_pUYw5KEHU.txt,Loan Correspondent: How to build partnerships to REALLY make money? Free Course,Lido integralmente,https://github.com/lucasnascimento2tech-beep/contextomercado/blob/cf3e8b2d1cfb66d10114852487f7afe092d87560/B_pUYw5KEHU.txt
66,bheF7Pp9Ei4,bheF7Pp9Ei4.txt,What you need to know to sell credit.,Lido integralmente,https://github.com/lucasnascimento2tech-beep/contextomercado/blob/cf3e8b2d1cfb66d10114852487f7afe092d87560/bheF7Pp9Ei4.txt
67,BQHprqIG8II,BQHprqIG8II.txt,Promocis RO-aware simulation and consultation,Lido integralmente,https://github.com/lucasnascimento2tech-beep/contextomercado/blob/cf3e8b2d1cfb66d10114852487f7afe092d87560/BQHprqIG8II.txt
68,BWRtYmmeGhg,BWRtYmmeGhg.txt,FREE BANKING CORRESPONDENT COURSE with certificate - Become a Corban in 2026,Lido integralmente,https://github.com/lucasnascimento2tech-beep/contextomercado/blob/cf3e8b2d1cfb66d10114852487f7afe092d87560/BWRtYmmeGhg.txt
69,cG_2TxueZKQ,cG_2TxueZKQ.txt,Inside a Payroll Loan Operation (CLT) - Meet SOMA,Lido integralmente,https://github.com/lucasnascimento2tech-beep/contextomercado/blob/cf3e8b2d1cfb66d10114852487f7afe092d87560/cG_2TxueZKQ.txt
70,cHpGepzp3DU,cHpGepzp3DU.txt,FOOLPROOF TIP TO SELL MORE PAYROLL LOANS!,Lido integralmente,https://github.com/lucasnascimento2tech-beep/contextomercado/blob/cf3e8b2d1cfb66d10114852487f7afe092d87560/cHpGepzp3DU.txt
71,CO17ckSzoa0,CO17ckSzoa0.txt,Jessica Cast Consignados dialer adoption case,Lido integralmente,https://github.com/lucasnascimento2tech-beep/contextomercado/blob/cf3e8b2d1cfb66d10114852487f7afe092d87560/CO17ckSzoa0.txt
72,cPbQGyyyt_E,cPbQGyyyt_E.txt,Independent banking correspondent guide,Lido integralmente,https://github.com/lucasnascimento2tech-beep/contextomercado/blob/cf3e8b2d1cfb66d10114852487f7afe092d87560/cPbQGyyyt_E.txt
73,CvKTD31Jnz8,CvKTD31Jnz8.txt,FEBRABAN CERTIFIED AGENT: What it is and why you should become one,Lido integralmente,https://github.com/lucasnascimento2tech-beep/contextomercado/blob/cf3e8b2d1cfb66d10114852487f7afe092d87560/CvKTD31Jnz8.txt
74,CZWVxVj4sws,CZWVxVj4sws.txt,The End of the Banking Correspondent? What the INSS Auction Really Changes,Lido integralmente,https://github.com/lucasnascimento2tech-beep/contextomercado/blob/cf3e8b2d1cfb66d10114852487f7afe092d87560/CZWVxVj4sws.txt
75,d-YnWqf65r4,d-YnWqf65r4.txt,TIPS TO BOOST YOUR PAYROLL LOAN OPERATIONS,Lido integralmente,https://github.com/lucasnascimento2tech-beep/contextomercado/blob/cf3e8b2d1cfb66d10114852487f7afe092d87560/d-YnWqf65r4.txt
76,d3ZrTW6lCkE,d3ZrTW6lCkE.txt,FGTS Birthday Withdrawal Loan Simulator,Lido integralmente,https://github.com/lucasnascimento2tech-beep/contextomercado/blob/cf3e8b2d1cfb66d10114852487f7afe092d87560/d3ZrTW6lCkE.txt
77,D6eDTUD8v3I,D6eDTUD8v3I.txt,How to sell loans to clients with no remaining credit capacity?,Lido integralmente,https://github.com/lucasnascimento2tech-beep/contextomercado/blob/cf3e8b2d1cfb66d10114852487f7afe092d87560/D6eDTUD8v3I.txt
78,DBYljcVEL-c,DBYljcVEL-c.txt,ABECIP CA-300 or CA-600 Certification: Do this in February 2026,Lido integralmente,https://github.com/lucasnascimento2tech-beep/contextomercado/blob/cf3e8b2d1cfb66d10114852487f7afe092d87560/DBYljcVEL-c.txt
79,DEHg2psZQyk,DEHg2psZQyk.txt,Tudo que voce precisa saber para vender Portabilidade!,Lido integralmente,https://github.com/lucasnascimento2tech-beep/contextomercado/blob/cf3e8b2d1cfb66d10114852487f7afe092d87560/DEHg2psZQyk.txt
80,DFipxwJCKEs,DFipxwJCKEs.txt,Becoming a Home Office Banking Correspondent in 2026 - The Step-by-Step Path,Lido integralmente,https://github.com/lucasnascimento2tech-beep/contextomercado/blob/cf3e8b2d1cfb66d10114852487f7afe092d87560/DFipxwJCKEs.txt
81,DoWjfg-Ya7M,DoWjfg-Ya7M.txt,"New Banking Correspondent June 2026 - FEBRABAN FNN100, ANEPS, CA-300 Certification",Lido integralmente,https://github.com/lucasnascimento2tech-beep/contextomercado/blob/cf3e8b2d1cfb66d10114852487f7afe092d87560/DoWjfg-Ya7M.txt
82,DUG5bCfhfPM,DUG5bCfhfPM.txt,How to unblock your INSS benefit for a payroll-deducted loan,Lido integralmente,https://github.com/lucasnascimento2tech-beep/contextomercado/blob/cf3e8b2d1cfb66d10114852487f7afe092d87560/DUG5bCfhfPM.txt
83,e1tUHZxjEZ8,e1tUHZxjEZ8.txt,Earn well certification banks system,Lido integralmente,https://github.com/lucasnascimento2tech-beep/contextomercado/blob/cf3e8b2d1cfb66d10114852487f7afe092d87560/e1tUHZxjEZ8.txt
84,E5f_VaOMx4o,E5f_VaOMx4o.txt,Como calcular o aumento de margem 5% - consignado,Lido integralmente,https://github.com/lucasnascimento2tech-beep/contextomercado/blob/cf3e8b2d1cfb66d10114852487f7afe092d87560/E5f_VaOMx4o.txt
85,e5tCbi_lKUY,e5tCbi_lKUY.txt,Home-based certifications video 3,Lido integralmente,https://github.com/lucasnascimento2tech-beep/contextomercado/blob/cf3e8b2d1cfb66d10114852487f7afe092d87560/e5tCbi_lKUY.txt
86,eBGc7TD68m0,eBGc7TD68m0.txt,REDUCAO DA TAXA DE JUROS NO MERCADO DE CREDITO,Lido integralmente,https://github.com/lucasnascimento2tech-beep/contextomercado/blob/cf3e8b2d1cfb66d10114852487f7afe092d87560/eBGc7TD68m0.txt
87,eCu9BPh0VPw,eCu9BPh0VPw.txt,Como funciona a Antecipacao do Saque Aniversario do FGTS?,Lido integralmente,https://github.com/lucasnascimento2tech-beep/contextomercado/blob/cf3e8b2d1cfb66d10114852487f7afe092d87560/eCu9BPh0VPw.txt
88,EKHWE37k5RI,EKHWE37k5RI.txt,Sell payroll loans like the big companies!,Lido integralmente,https://github.com/lucasnascimento2tech-beep/contextomercado/blob/cf3e8b2d1cfb66d10114852487f7afe092d87560/EKHWE37k5RI.txt
89,f7emyRQ2jrc,f7emyRQ2jrc.txt,ABECIP CA600 advanced guide,Lido integralmente,https://github.com/lucasnascimento2tech-beep/contextomercado/blob/cf3e8b2d1cfb66d10114852487f7afe092d87560/f7emyRQ2jrc.txt
90,FacWGSXQLEE,FacWGSXQLEE.txt,How to BE A HOME OFFICE BANKING CORRESPONDENT in 2026 Step-by-step? Corban Secrets Video 2,Lido integralmente,https://github.com/lucasnascimento2tech-beep/contextomercado/blob/cf3e8b2d1cfb66d10114852487f7afe092d87560/FacWGSXQLEE.txt
91,fJUhGcHtAnA,fJUhGcHtAnA.txt,Need course to become corban,Lido integralmente,https://github.com/lucasnascimento2tech-beep/contextomercado/blob/cf3e8b2d1cfb66d10114852487f7afe092d87560/fJUhGcHtAnA.txt
92,Fkzz5JePGb4,Fkzz5JePGb4.txt,01 - Payroll Loan Training - What is a Payroll Loan?,Lido integralmente,https://github.com/lucasnascimento2tech-beep/contextomercado/blob/cf3e8b2d1cfb66d10114852487f7afe092d87560/Fkzz5JePGb4.txt
93,fPipFrLlhnE,fPipFrLlhnE.txt,Key Questions about Sub-delegation! - GVN Brokers,Lido integralmente,https://github.com/lucasnascimento2tech-beep/contextomercado/blob/cf3e8b2d1cfb66d10114852487f7afe092d87560/fPipFrLlhnE.txt
94,fzLrOfzdwDs,fzLrOfzdwDs.txt,Home office in one week course system,Lido integralmente,https://github.com/lucasnascimento2tech-beep/contextomercado/blob/cf3e8b2d1cfb66d10114852487f7afe092d87560/fzLrOfzdwDs.txt
95,g_3SWp1ZTik,g_3SWp1ZTik.txt,MARGEM COMPLEMENTAR,Lido integralmente,https://github.com/lucasnascimento2tech-beep/contextomercado/blob/cf3e8b2d1cfb66d10114852487f7afe092d87560/g_3SWp1ZTik.txt
96,gAloYbYARtI,gAloYbYARtI.txt,ASSBAN certification guide,Lido integralmente,https://github.com/lucasnascimento2tech-beep/contextomercado/blob/cf3e8b2d1cfb66d10114852487f7afe092d87560/gAloYbYARtI.txt
97,gfv1CL4bDvk,gfv1CL4bDvk.txt,Febraban exam answers LGPD,Lido integralmente,https://github.com/lucasnascimento2tech-beep/contextomercado/blob/cf3e8b2d1cfb66d10114852487f7afe092d87560/gfv1CL4bDvk.txt
98,gMTT0FRM_VA,gMTT0FRM_VA.txt,How Much Does a Banking Correspondent Earn in Commission?,Lido integralmente,https://github.com/lucasnascimento2tech-beep/contextomercado/blob/cf3e8b2d1cfb66d10114852487f7afe092d87560/gMTT0FRM_VA.txt
99,GPrBygrTUsc,GPrBygrTUsc.txt,Tutorial - Como utilizar o Simulador de Aumento de Margem?,Lido integralmente,https://github.com/lucasnascimento2tech-beep/contextomercado/blob/cf3e8b2d1cfb66d10114852487f7afe092d87560/GPrBygrTUsc.txt
100,gszi6menvaA,gszi6menvaA.txt,How much does it cost to start a business in the credit market? - Beginner Correspondent,Lido integralmente,https://github.com/lucasnascimento2tech-beep/contextomercado/blob/cf3e8b2d1cfb66d10114852487f7afe092d87560/gszi6menvaA.txt
101,gV_md5Z3MOk,gV_md5Z3MOk.txt,How to use an automatic dialer to sell payroll loans.,Lido integralmente,https://github.com/lucasnascimento2tech-beep/contextomercado/blob/cf3e8b2d1cfb66d10114852487f7afe092d87560/gV_md5Z3MOk.txt
102,gVmefxs9utM,gVmefxs9utM.txt,QUAL O MELHOR CURSO PARA SE TORNAR CORRESPONDENTE BANCARIO?,Lido integralmente,https://github.com/lucasnascimento2tech-beep/contextomercado/blob/cf3e8b2d1cfb66d10114852487f7afe092d87560/gVmefxs9utM.txt
103,gwy6_-47cYo,gwy6_-47cYo.txt,January course discount,Lido integralmente,https://github.com/lucasnascimento2tech-beep/contextomercado/blob/cf3e8b2d1cfb66d10114852487f7afe092d87560/gwy6_-47cYo.txt
104,h68gNHM2aKQ,h68gNHM2aKQ.txt,COMO VENDER CREDITO CONSIGNADO PELO WHATSAPP?,Lido integralmente,https://github.com/lucasnascimento2tech-beep/contextomercado/blob/cf3e8b2d1cfb66d10114852487f7afe092d87560/h68gNHM2aKQ.txt
105,HeL2wHVsaFY,HeL2wHVsaFY.txt,Certificacao ANEPS PLUS: O que e? Qual certificacao ANEPS e melhor?,Lido integralmente,https://github.com/lucasnascimento2tech-beep/contextomercado/blob/cf3e8b2d1cfb66d10114852487f7afe092d87560/HeL2wHVsaFY.txt
106,HElj4AJ8ujg,HElj4AJ8ujg.txt,Tips for those who are going to begin a business,Lido integralmente,https://github.com/lucasnascimento2tech-beep/contextomercado/blob/cf3e8b2d1cfb66d10114852487f7afe092d87560/HElj4AJ8ujg.txt
107,hKNvjQehB8c,hKNvjQehB8c.txt,Sales funnel for credit,Lido integralmente,https://github.com/lucasnascimento2tech-beep/contextomercado/blob/cf3e8b2d1cfb66d10114852487f7afe092d87560/hKNvjQehB8c.txt
108,HmuoPY4InTM,HmuoPY4InTM.txt,CERTIFICACAO CORRESPONDENTE BANCARIO 2026: Os 4 segredos,Lido integralmente,https://github.com/lucasnascimento2tech-beep/contextomercado/blob/cf3e8b2d1cfb66d10114852487f7afe092d87560/HmuoPY4InTM.txt
109,hopplqYQVbg,hopplqYQVbg.txt,Specialized or diversified corban,Lido integralmente,https://github.com/lucasnascimento2tech-beep/contextomercado/blob/cf3e8b2d1cfb66d10114852487f7afe092d87560/hopplqYQVbg.txt
110,HTi6uilLObA,HTi6uilLObA.txt,Simulador da Margem de Aumento: Tudo o que voce precisa saber!,Lido integralmente,https://github.com/lucasnascimento2tech-beep/contextomercado/blob/cf3e8b2d1cfb66d10114852487f7afe092d87560/HTi6uilLObA.txt
111,hVDQ6g-FJKk,hVDQ6g-FJKk.txt,Independent corban in May,Lido integralmente,https://github.com/lucasnascimento2tech-beep/contextomercado/blob/cf3e8b2d1cfb66d10114852487f7afe092d87560/hVDQ6g-FJKk.txt
112,hVG-hIGChPY,hVG-hIGChPY.txt,HOW TO USE WHATSAPP TO SELL PAYROLL LOANS,Lido integralmente,https://github.com/lucasnascimento2tech-beep/contextomercado/blob/cf3e8b2d1cfb66d10114852487f7afe092d87560/hVG-hIGChPY.txt
113,hvjxwlSUDS8,hvjxwlSUDS8.txt,WHO TO SELL TO IN THE CREDIT MARKET?,Lido integralmente,https://github.com/lucasnascimento2tech-beep/contextomercado/blob/cf3e8b2d1cfb66d10114852487f7afe092d87560/hvjxwlSUDS8.txt
114,hX8K6EH_bTw,hX8K6EH_bTw.txt,THE BEST SYSTEMS FOR SELLING CONSIGNED CREDIT,Lido integralmente,https://github.com/lucasnascimento2tech-beep/contextomercado/blob/cf3e8b2d1cfb66d10114852487f7afe092d87560/hX8K6EH_bTw.txt
115,Ib6FHHO2s24,Ib6FHHO2s24.txt,Medidas para acabar com o roubo de margem,Lido integralmente,https://github.com/lucasnascimento2tech-beep/contextomercado/blob/cf3e8b2d1cfb66d10114852487f7afe092d87560/Ib6FHHO2s24.txt
116,IEAIgoV5YZs,IEAIgoV5YZs.txt,How to become a BANK CORRESPONDENT: An EASY step-by-step guide that works,Lido integralmente,https://github.com/lucasnascimento2tech-beep/contextomercado/blob/cf3e8b2d1cfb66d10114852487f7afe092d87560/IEAIgoV5YZs.txt
117,igSOHG-ewic,igSOHG-ewic.txt,#03 Treinamento de Portabilidade - Quais as ferramentas necessarias para vender Portabilidade?,Lido integralmente,https://github.com/lucasnascimento2tech-beep/contextomercado/blob/cf3e8b2d1cfb66d10114852487f7afe092d87560/igSOHG-ewic.txt
118,IVIUSvp6pCk,IVIUSvp6pCk.txt,"Becoming a Certified Banking Correspondent and politicians: Beware, don't wait - Do it now in 2026!",Lido integralmente,https://github.com/lucasnascimento2tech-beep/contextomercado/blob/cf3e8b2d1cfb66d10114852487f7afe092d87560/IVIUSvp6pCk.txt
119,jCCFcr0LUQY,jCCFcr0LUQY.txt,TUDO O QUE VOCE PRECISA SABER SOBRE CARTAO DE CREDITO CONSIGNADO!,Lido integralmente,https://github.com/lucasnascimento2tech-beep/contextomercado/blob/cf3e8b2d1cfb66d10114852487f7afe092d87560/jCCFcr0LUQY.txt
120,jgRo1hzsNbU,jgRo1hzsNbU.txt,#05 Portability Training - How to input Portability proposals?,Lido integralmente,https://github.com/lucasnascimento2tech-beep/contextomercado/blob/cf3e8b2d1cfb66d10114852487f7afe092d87560/jgRo1hzsNbU.txt
121,jICTfHiHs0M,jICTfHiHs0M.txt,#5: SALES SCRIPT FOR CONSIGNED LOANS,Lido integralmente,https://github.com/lucasnascimento2tech-beep/contextomercado/blob/cf3e8b2d1cfb66d10114852487f7afe092d87560/jICTfHiHs0M.txt
122,jiDWdgAHjII,jiDWdgAHjII.txt,Credit sales step by step,Lido integralmente,https://github.com/lucasnascimento2tech-beep/contextomercado/blob/cf3e8b2d1cfb66d10114852487f7afe092d87560/jiDWdgAHjII.txt
123,JiQ3fRMz4eg,JiQ3fRMz4eg.txt,Como cadastrar o Meu INSS,Lido integralmente,https://github.com/lucasnascimento2tech-beep/contextomercado/blob/cf3e8b2d1cfb66d10114852487f7afe092d87560/JiQ3fRMz4eg.txt
124,jLBzYp_DFpI,jLBzYp_DFpI.txt,Por dento do Corban Faixa Preta na Black Friday,Lido integralmente,https://github.com/lucasnascimento2tech-beep/contextomercado/blob/cf3e8b2d1cfb66d10114852487f7afe092d87560/jLBzYp_DFpI.txt
125,jR7HqDgcbgU,jR7HqDgcbgU.txt,January2026 time to act,Lido integralmente,https://github.com/lucasnascimento2tech-beep/contextomercado/blob/cf3e8b2d1cfb66d10114852487f7afe092d87560/jR7HqDgcbgU.txt
126,JWK2aST8QtU,JWK2aST8QtU.txt,Do You Need a Course to BECOME A BANK CORRESPONDENT in 2026?,Lido integralmente,https://github.com/lucasnascimento2tech-beep/contextomercado/blob/cf3e8b2d1cfb66d10114852487f7afe092d87560/JWK2aST8QtU.txt
127,JxUf1gTlWHY,JxUf1gTlWHY.txt,Como escolher um nome de marca? Empreendedor iniciante,Lido integralmente,https://github.com/lucasnascimento2tech-beep/contextomercado/blob/cf3e8b2d1cfb66d10114852487f7afe092d87560/JxUf1gTlWHY.txt
128,jYgJEAVeVkg,jYgJEAVeVkg.txt,3 MAIORES ERROS COMETIDOS NA VENDA DE EMPRESTIMO CONSIGNADO!,Lido integralmente,https://github.com/lucasnascimento2tech-beep/contextomercado/blob/cf3e8b2d1cfb66d10114852487f7afe092d87560/jYgJEAVeVkg.txt
129,k1P6DwauJFk,k1P6DwauJFk.txt,Ways to be correspondent lesson1,Lido integralmente,https://github.com/lucasnascimento2tech-beep/contextomercado/blob/cf3e8b2d1cfb66d10114852487f7afe092d87560/k1P6DwauJFk.txt
130,kkq13beQxrQ,kkq13beQxrQ.txt,How to Become an Independent Banking Correspondent?,Lido integralmente,https://github.com/lucasnascimento2tech-beep/contextomercado/blob/cf3e8b2d1cfb66d10114852487f7afe092d87560/kkq13beQxrQ.txt
131,klqqUW16ZKk,klqqUW16ZKk.txt,TREINAMENTO COMPLETO PARA CORRESPONDENTES BANCARIOS,Lido integralmente,https://github.com/lucasnascimento2tech-beep/contextomercado/blob/cf3e8b2d1cfb66d10114852487f7afe092d87560/klqqUW16ZKk.txt
132,kOac1JMjOXc,kOac1JMjOXc.txt,This system will help you sell a lot of payroll loans!,Lido integralmente,https://github.com/lucasnascimento2tech-beep/contextomercado/blob/cf3e8b2d1cfb66d10114852487f7afe092d87560/kOac1JMjOXc.txt
133,kp3zioWiQlc,kp3zioWiQlc.txt,Want to be a Banking Correspondent in 2026? Do it!,Lido integralmente,https://github.com/lucasnascimento2tech-beep/contextomercado/blob/cf3e8b2d1cfb66d10114852487f7afe092d87560/kp3zioWiQlc.txt
134,KQ8DcEZzsic,KQ8DcEZzsic.txt,Because iCred is much more than just credit.,Lido integralmente,https://github.com/lucasnascimento2tech-beep/contextomercado/blob/cf3e8b2d1cfb66d10114852487f7afe092d87560/KQ8DcEZzsic.txt
135,KspjbI7fHmw,KspjbI7fHmw.txt,02 - Questions about payroll loan contracts?,Lido integralmente,https://github.com/lucasnascimento2tech-beep/contextomercado/blob/cf3e8b2d1cfb66d10114852487f7afe092d87560/KspjbI7fHmw.txt
136,kwZgh3IljJk,kwZgh3IljJk.txt,FBB100 certification steps,Lido integralmente,https://github.com/lucasnascimento2tech-beep/contextomercado/blob/cf3e8b2d1cfb66d10114852487f7afe092d87560/kwZgh3IljJk.txt
137,kYta547qt0Y,kYta547qt0Y.txt,Remote corban requirements video1,Lido integralmente,https://github.com/lucasnascimento2tech-beep/contextomercado/blob/cf3e8b2d1cfb66d10114852487f7afe092d87560/kYta547qt0Y.txt
138,Kz6FmPOMfxA,Kz6FmPOMfxA.txt,FEBRABAN FBB-100 Full Correspondent Study Guide - 2026 Febraban Exam,Lido integralmente,https://github.com/lucasnascimento2tech-beep/contextomercado/blob/cf3e8b2d1cfb66d10114852487f7afe092d87560/Kz6FmPOMfxA.txt
139,L4HMn7czyLg,L4HMn7czyLg.txt,Ser CORRESPONDENTE BANCARIO: Como falar com o cliente e VENDER 3X MAIS,Lido integralmente,https://github.com/lucasnascimento2tech-beep/contextomercado/blob/cf3e8b2d1cfb66d10114852487f7afe092d87560/L4HMn7czyLg.txt
140,lF22lEIfXMA,lF22lEIfXMA.txt,Credit sales money-making mindset class,Lido integralmente,https://github.com/lucasnascimento2tech-beep/contextomercado/blob/cf3e8b2d1cfb66d10114852487f7afe092d87560/lF22lEIfXMA.txt
141,LFVXE1HCsBI,LFVXE1HCsBI.txt,O aumento de 5% de margem foi aprovado?,Lido integralmente,https://github.com/lucasnascimento2tech-beep/contextomercado/blob/cf3e8b2d1cfb66d10114852487f7afe092d87560/LFVXE1HCsBI.txt
142,lIFG-WiSsFg,lIFG-WiSsFg.txt,#04 Portability Training - How to calculate the costs for selling number portability?,Lido integralmente,https://github.com/lucasnascimento2tech-beep/contextomercado/blob/cf3e8b2d1cfb66d10114852487f7afe092d87560/lIFG-WiSsFg.txt
143,LivVNViVG0Q,LivVNViVG0Q.txt,Stop listening to this advice: mindset,Lido integralmente,https://github.com/lucasnascimento2tech-beep/contextomercado/blob/cf3e8b2d1cfb66d10114852487f7afe092d87560/LivVNViVG0Q.txt
144,llfWMGeLYA4,llfWMGeLYA4.txt,Main or secondary activity lesson5,Lido integralmente,https://github.com/lucasnascimento2tech-beep/contextomercado/blob/cf3e8b2d1cfb66d10114852487f7afe092d87560/llfWMGeLYA4.txt
145,lodIKCrClXk,lodIKCrClXk.txt,PRIMEIROS PASSOS DE UM BOM PLANEJAMENTO,Lido integralmente,https://github.com/lucasnascimento2tech-beep/contextomercado/blob/cf3e8b2d1cfb66d10114852487f7afe092d87560/lodIKCrClXk.txt
146,lOvhBIPc1vA,lOvhBIPc1vA.txt,OS MAIORES RISCOS NA VENDA DE CREDITO CONSIGNADO - EVITE PREJUIZOS!,Lido integralmente,https://github.com/lucasnascimento2tech-beep/contextomercado/blob/cf3e8b2d1cfb66d10114852487f7afe092d87560/lOvhBIPc1vA.txt
147,lqehMv0JQ_0,lqehMv0JQ_0.txt,HOW TO SELL MORE USING DIGITAL SALES!,Lido integralmente,https://github.com/lucasnascimento2tech-beep/contextomercado/blob/cf3e8b2d1cfb66d10114852487f7afe092d87560/lqehMv0JQ_0.txt
148,M8hVgarGB0Y,M8hVgarGB0Y.txt,How to approach clients to sell payroll loans?,Lido integralmente,https://github.com/lucasnascimento2tech-beep/contextomercado/blob/cf3e8b2d1cfb66d10114852487f7afe092d87560/M8hVgarGB0Y.txt
149,mabv7uX4nA4,mabv7uX4nA4.txt,#4: CALCULATING THE RELEASED VALUE,Lido integralmente,https://github.com/lucasnascimento2tech-beep/contextomercado/blob/cf3e8b2d1cfb66d10114852487f7afe092d87560/mabv7uX4nA4.txt
150,MGOlGbGLqf4,MGOlGbGLqf4.txt,Right course to become a banking correspondent,Lido integralmente,https://github.com/lucasnascimento2tech-beep/contextomercado/blob/cf3e8b2d1cfb66d10114852487f7afe092d87560/MGOlGbGLqf4.txt
151,MT3g5HSxoz8,MT3g5HSxoz8.txt,Real estate agent plus banking correspondent,Lido integralmente,https://github.com/lucasnascimento2tech-beep/contextomercado/blob/cf3e8b2d1cfb66d10114852487f7afe092d87560/MT3g5HSxoz8.txt
152,MtxN_5YiW3A,MtxN_5YiW3A.txt,How to sell loans on social media,Lido integralmente,https://github.com/lucasnascimento2tech-beep/contextomercado/blob/cf3e8b2d1cfb66d10114852487f7afe092d87560/MtxN_5YiW3A.txt
153,MWlQa-fc4ZQ,MWlQa-fc4ZQ.txt,Private Consignment,Lido integralmente,https://github.com/lucasnascimento2tech-beep/contextomercado/blob/cf3e8b2d1cfb66d10114852487f7afe092d87560/MWlQa-fc4ZQ.txt
154,MWrRf_6w30Q,MWrRf_6w30Q.txt,Como evitar problemas juridicos na sua operacao,Lido integralmente,https://github.com/lucasnascimento2tech-beep/contextomercado/blob/cf3e8b2d1cfb66d10114852487f7afe092d87560/MWrRf_6w30Q.txt
155,MxAmuSFah5o,MxAmuSFah5o.txt,COMO FECHAR MAIS CONTRATOS USANDO UMA LISTA HIGIENIZADA E UM DISCADOR AUTOMATICO?,Lido integralmente,https://github.com/lucasnascimento2tech-beep/contextomercado/blob/cf3e8b2d1cfb66d10114852487f7afe092d87560/MxAmuSFah5o.txt
156,mXjSbSL3FPo,mXjSbSL3FPo.txt,Planejamento de marketing2024,Lido integralmente,https://github.com/lucasnascimento2tech-beep/contextomercado/blob/cf3e8b2d1cfb66d10114852487f7afe092d87560/mXjSbSL3FPo.txt
157,N1QMwTlmTQQ,N1QMwTlmTQQ.txt,Treinamento completo seguro prestamista,Lido integralmente,https://github.com/lucasnascimento2tech-beep/contextomercado/blob/cf3e8b2d1cfb66d10114852487f7afe092d87560/N1QMwTlmTQQ.txt
158,N6MoNSUCoTQ,N6MoNSUCoTQ.txt,Certifications Christmas gift,Lido integralmente,https://github.com/lucasnascimento2tech-beep/contextomercado/blob/cf3e8b2d1cfb66d10114852487f7afe092d87560/N6MoNSUCoTQ.txt
159,Nbum0mxHPTc,Nbum0mxHPTc.txt,Calculating outstanding balance,Lido integralmente,https://github.com/lucasnascimento2tech-beep/contextomercado/blob/cf3e8b2d1cfb66d10114852487f7afe092d87560/Nbum0mxHPTc.txt
160,nGHN5sODDeM,nGHN5sODDeM.txt,Join elite corban team,Lido integralmente,https://github.com/lucasnascimento2tech-beep/contextomercado/blob/cf3e8b2d1cfb66d10114852487f7afe092d87560/nGHN5sODDeM.txt
161,NKwVK8VVjYU,NKwVK8VVjYU.txt,The End of Anniversary Withdrawals - New FGTS Rules,Lido integralmente,https://github.com/lucasnascimento2tech-beep/contextomercado/blob/cf3e8b2d1cfb66d10114852487f7afe092d87560/NKwVK8VVjYU.txt
162,nnD-d5V_ShY,nnD-d5V_ShY.txt,SOMA ready-made sales structure,Lido integralmente,https://github.com/lucasnascimento2tech-beep/contextomercado/blob/cf3e8b2d1cfb66d10114852487f7afe092d87560/nnD-d5V_ShY.txt
163,Np3osX1AiuQ,Np3osX1AiuQ.txt,Saque aniversario FGTS aula com Tulio,Lido integralmente,https://github.com/lucasnascimento2tech-beep/contextomercado/blob/cf3e8b2d1cfb66d10114852487f7afe092d87560/Np3osX1AiuQ.txt
164,Np4e7r19i8s,Np4e7r19i8s.txt,Hidden opportunities for corban,Lido integralmente,https://github.com/lucasnascimento2tech-beep/contextomercado/blob/cf3e8b2d1cfb66d10114852487f7afe092d87560/Np4e7r19i8s.txt
165,npMJIP5Te54,npMJIP5Te54.txt,Realize selling loans online,Lido integralmente,https://github.com/lucasnascimento2tech-beep/contextomercado/blob/cf3e8b2d1cfb66d10114852487f7afe092d87560/npMJIP5Te54.txt
166,O-NnOL1wos8,O-NnOL1wos8.txt,Becoming corban complete solution,Lido integralmente,https://github.com/lucasnascimento2tech-beep/contextomercado/blob/cf3e8b2d1cfb66d10114852487f7afe092d87560/O-NnOL1wos8.txt
167,o6rhCeCdke4,o6rhCeCdke4.txt,Portability retention strategy,Lido integralmente,https://github.com/lucasnascimento2tech-beep/contextomercado/blob/cf3e8b2d1cfb66d10114852487f7afe092d87560/o6rhCeCdke4.txt
168,O_AYL2rwzL0,O_AYL2rwzL0.txt,Home office two weeks August,Lido integralmente,https://github.com/lucasnascimento2tech-beep/contextomercado/blob/cf3e8b2d1cfb66d10114852487f7afe092d87560/O_AYL2rwzL0.txt
169,oCmghETB7u0,oCmghETB7u0.txt,Partner sales economics,Lido integralmente,https://github.com/lucasnascimento2tech-beep/contextomercado/blob/cf3e8b2d1cfb66d10114852487f7afe092d87560/oCmghETB7u0.txt
170,OFXVvWXdIJQ,OFXVvWXdIJQ.txt,Digitacao em lote de aumento iCred,Lido integralmente,https://github.com/lucasnascimento2tech-beep/contextomercado/blob/cf3e8b2d1cfb66d10114852487f7afe092d87560/OFXVvWXdIJQ.txt
171,oq_7VkDPeGA,oq_7VkDPeGA.txt,Presenca laboratory to partner growth,Lido integralmente,https://github.com/lucasnascimento2tech-beep/contextomercado/blob/cf3e8b2d1cfb66d10114852487f7afe092d87560/oq_7VkDPeGA.txt
172,oR8IKQGaAwc,oR8IKQGaAwc.txt,Contacting clients to sell credit,Lido integralmente,https://github.com/lucasnascimento2tech-beep/contextomercado/blob/cf3e8b2d1cfb66d10114852487f7afe092d87560/oR8IKQGaAwc.txt
173,OS-EnCHAmvw,OS-EnCHAmvw.txt,Home office opportunity in May,Lido integralmente,https://github.com/lucasnascimento2tech-beep/contextomercado/blob/cf3e8b2d1cfb66d10114852487f7afe092d87560/OS-EnCHAmvw.txt
174,oV8_ro58Bso,oV8_ro58Bso.txt,Payroll credit card overview,Lido integralmente,https://github.com/lucasnascimento2tech-beep/contextomercado/blob/cf3e8b2d1cfb66d10114852487f7afe092d87560/oV8_ro58Bso.txt
175,OvzT0LcXTL0,OvzT0LcXTL0.txt,Right mindset for corban,Lido integralmente,https://github.com/lucasnascimento2tech-beep/contextomercado/blob/cf3e8b2d1cfb66d10114852487f7afe092d87560/OvzT0LcXTL0.txt
176,ozm7B-3Rvlo,ozm7B-3Rvlo.txt,Selling credit online via multiple channels,Lido integralmente,https://github.com/lucasnascimento2tech-beep/contextomercado/blob/cf3e8b2d1cfb66d10114852487f7afe092d87560/ozm7B-3Rvlo.txt
177,P2P7ivBZwV8,P2P7ivBZwV8.txt,Febraban certification beginning of year,Lido integralmente,https://github.com/lucasnascimento2tech-beep/contextomercado/blob/cf3e8b2d1cfb66d10114852487f7afe092d87560/P2P7ivBZwV8.txt
178,P5RIz7PQ5Bw,P5RIz7PQ5Bw.txt,Selling many products class 03,Lido integralmente,https://github.com/lucasnascimento2tech-beep/contextomercado/blob/cf3e8b2d1cfb66d10114852487f7afe092d87560/P5RIz7PQ5Bw.txt
179,PDW3cdQWAks,PDW3cdQWAks.txt,Como bater meta de consignado com tres dicas,Lido integralmente,https://github.com/lucasnascimento2tech-beep/contextomercado/blob/cf3e8b2d1cfb66d10114852487f7afe092d87560/PDW3cdQWAks.txt
180,Pe-ddX0grZc,Pe-ddX0grZc.txt,O maior erro da minha operacao de consignado,Lido integralmente,https://github.com/lucasnascimento2tech-beep/contextomercado/blob/cf3e8b2d1cfb66d10114852487f7afe092d87560/Pe-ddX0grZc.txt
181,PkM5BR5dQjQ,PkM5BR5dQjQ.txt,Pre digitacao do aumento - tudo que precisa saber,Lido integralmente,https://github.com/lucasnascimento2tech-beep/contextomercado/blob/cf3e8b2d1cfb66d10114852487f7afe092d87560/PkM5BR5dQjQ.txt
182,PMdcGwJfgr8,PMdcGwJfgr8.txt,Melhor oferta para vender consignado - seguro,Lido integralmente,https://github.com/lucasnascimento2tech-beep/contextomercado/blob/cf3e8b2d1cfb66d10114852487f7afe092d87560/PMdcGwJfgr8.txt
183,ptbLKpnbxCg,ptbLKpnbxCg.txt,How to become corban stepguide,Lido integralmente,https://github.com/lucasnascimento2tech-beep/contextomercado/blob/cf3e8b2d1cfb66d10114852487f7afe092d87560/ptbLKpnbxCg.txt
184,ptVl_qTR48I,ptVl_qTR48I.txt,What is a payroll loan,Lido integralmente,https://github.com/lucasnascimento2tech-beep/contextomercado/blob/cf3e8b2d1cfb66d10114852487f7afe092d87560/ptVl_qTR48I.txt
185,PWu63gzpBo4,PWu63gzpBo4.txt,Home office partner system 40 banks,Lido integralmente,https://github.com/lucasnascimento2tech-beep/contextomercado/blob/cf3e8b2d1cfb66d10114852487f7afe092d87560/PWu63gzpBo4.txt
186,PxchmWE2JTw,PxchmWE2JTw.txt,What to know before entering corban market,Lido integralmente,https://github.com/lucasnascimento2tech-beep/contextomercado/blob/cf3e8b2d1cfb66d10114852487f7afe092d87560/PxchmWE2JTw.txt
187,q1IA7EDNurs,q1IA7EDNurs.txt,Avoiding corban business collapse,Lido integralmente,https://github.com/lucasnascimento2tech-beep/contextomercado/blob/cf3e8b2d1cfb66d10114852487f7afe092d87560/q1IA7EDNurs.txt
188,qCM3XvIEIbQ,qCM3XvIEIbQ.txt,Reducing portability retention,Lido integralmente,https://github.com/lucasnascimento2tech-beep/contextomercado/blob/cf3e8b2d1cfb66d10114852487f7afe092d87560/qCM3XvIEIbQ.txt
189,qFgAcnC9Wx0,qFgAcnC9Wx0.txt,Febraban beginning of year,Lido integralmente,https://github.com/lucasnascimento2tech-beep/contextomercado/blob/cf3e8b2d1cfb66d10114852487f7afe092d87560/qFgAcnC9Wx0.txt
190,QhfoOy6H0fg,QhfoOy6H0fg.txt,Conselhos antes de se tornar correspondente,Lido integralmente,https://github.com/lucasnascimento2tech-beep/contextomercado/blob/cf3e8b2d1cfb66d10114852487f7afe092d87560/QhfoOy6H0fg.txt
191,qlu-rANP6Wk,qlu-rANP6Wk.txt,Self-regulation part1 deferred commissions,Lido integralmente,https://github.com/lucasnascimento2tech-beep/contextomercado/blob/cf3e8b2d1cfb66d10114852487f7afe092d87560/qlu-rANP6Wk.txt
192,qnoFFFZG68k,qnoFFFZG68k.txt,How to sell credit step by step,Lido integralmente,https://github.com/lucasnascimento2tech-beep/contextomercado/blob/cf3e8b2d1cfb66d10114852487f7afe092d87560/qnoFFFZG68k.txt
193,QNtPEpg4ry4,QNtPEpg4ry4.txt,Sistema para vender consignado automaticamente - URA,Lido integralmente,https://github.com/lucasnascimento2tech-beep/contextomercado/blob/cf3e8b2d1cfb66d10114852487f7afe092d87560/QNtPEpg4ry4.txt
194,QXQyXiUOUZU,QXQyXiUOUZU.txt,How to find clients to sell loans,Lido integralmente,https://github.com/lucasnascimento2tech-beep/contextomercado/blob/cf3e8b2d1cfb66d10114852487f7afe092d87560/QXQyXiUOUZU.txt
195,R9bhu343Cj4,R9bhu343Cj4.txt,ACREFI certification guide,Lido integralmente,https://github.com/lucasnascimento2tech-beep/contextomercado/blob/cf3e8b2d1cfb66d10114852487f7afe092d87560/R9bhu343Cj4.txt
196,R_WNdRrqA3k,R_WNdRrqA3k.txt,Perfis de clientes para correspondentes,Lido integralmente,https://github.com/lucasnascimento2tech-beep/contextomercado/blob/cf3e8b2d1cfb66d10114852487f7afe092d87560/R_WNdRrqA3k.txt
197,Rfkd7jwPldo,Rfkd7jwPldo.txt,Importancia da plataforma multicanal - Digisac,Lido integralmente,https://github.com/lucasnascimento2tech-beep/contextomercado/blob/cf3e8b2d1cfb66d10114852487f7afe092d87560/Rfkd7jwPldo.txt
198,RIFZADd0q2M,RIFZADd0q2M.txt,Sistema para vender mais em menos tempo - discador,Lido integralmente,https://github.com/lucasnascimento2tech-beep/contextomercado/blob/cf3e8b2d1cfb66d10114852487f7afe092d87560/RIFZADd0q2M.txt
199,riFZB-vsFRw,riFZB-vsFRw.txt,Loan term objection and prepayment,Lido integralmente,https://github.com/lucasnascimento2tech-beep/contextomercado/blob/cf3e8b2d1cfb66d10114852487f7afe092d87560/riFZB-vsFRw.txt
200,rmnJC4L5WI4,rmnJC4L5WI4.txt,Online selling in extra5percent margin campaign,Lido integralmente,https://github.com/lucasnascimento2tech-beep/contextomercado/blob/cf3e8b2d1cfb66d10114852487f7afe092d87560/rmnJC4L5WI4.txt
201,rNxRTd0u05Q,rNxRTd0u05Q.txt,Finding loan customers,Lido integralmente,https://github.com/lucasnascimento2tech-beep/contextomercado/blob/cf3e8b2d1cfb66d10114852487f7afe092d87560/rNxRTd0u05Q.txt
202,roUOKbDG3PI,roUOKbDG3PI.txt,Easiest entry routes for corban,Lido integralmente,https://github.com/lucasnascimento2tech-beep/contextomercado/blob/cf3e8b2d1cfb66d10114852487f7afe092d87560/roUOKbDG3PI.txt
203,rtruzdMd7Hc,rtruzdMd7Hc.txt,Selling loans through WhatsApp,Lido integralmente,https://github.com/lucasnascimento2tech-beep/contextomercado/blob/cf3e8b2d1cfb66d10114852487f7afe092d87560/rtruzdMd7Hc.txt
204,S37_zA3UQ6k,S37_zA3UQ6k.txt,Strategies for profit first month as corban,Lido integralmente,https://github.com/lucasnascimento2tech-beep/contextomercado/blob/cf3e8b2d1cfb66d10114852487f7afe092d87560/S37_zA3UQ6k.txt
205,s67SlWV1Ems,s67SlWV1Ems.txt,Registering with banks through promoters,Lido integralmente,https://github.com/lucasnascimento2tech-beep/contextomercado/blob/cf3e8b2d1cfb66d10114852487f7afe092d87560/s67SlWV1Ems.txt
206,S7kkFctlT_o,S7kkFctlT_o.txt,Entenda SRCC e efeito na operacao,Lido integralmente,https://github.com/lucasnascimento2tech-beep/contextomercado/blob/cf3e8b2d1cfb66d10114852487f7afe092d87560/S7kkFctlT_o.txt
207,sbw6x8urVOg,sbw6x8urVOg.txt,Exchange corban ABT ABT1 ABT2,Lido integralmente,https://github.com/lucasnascimento2tech-beep/contextomercado/blob/cf3e8b2d1cfb66d10114852487f7afe092d87560/sbw6x8urVOg.txt
208,ScNP5udQBAc,ScNP5udQBAc.txt,Contornar crise e vender mais consignado,Lido integralmente,https://github.com/lucasnascimento2tech-beep/contextomercado/blob/cf3e8b2d1cfb66d10114852487f7afe092d87560/ScNP5udQBAc.txt
209,sDYNRRUMf1Q,sDYNRRUMf1Q.txt,Three WhatsApp mistakes,Lido integralmente,https://github.com/lucasnascimento2tech-beep/contextomercado/blob/cf3e8b2d1cfb66d10114852487f7afe092d87560/sDYNRRUMf1Q.txt
210,Sewayrpbg54,Sewayrpbg54.txt,March decisive month certification,Lido integralmente,https://github.com/lucasnascimento2tech-beep/contextomercado/blob/cf3e8b2d1cfb66d10114852487f7afe092d87560/Sewayrpbg54.txt
211,sIKQr7uKnwA,sIKQr7uKnwA.txt,Starting loan portability with GLNB,Lido integralmente,https://github.com/lucasnascimento2tech-beep/contextomercado/blob/cf3e8b2d1cfb66d10114852487f7afe092d87560/sIKQr7uKnwA.txt
212,sL7_BNn-CUo,sL7_BNn-CUo.txt,Choosing portability strategy,Lido integralmente,https://github.com/lucasnascimento2tech-beep/contextomercado/blob/cf3e8b2d1cfb66d10114852487f7afe092d87560/sL7_BNn-CUo.txt
213,SmLA3_P5xYU,SmLA3_P5xYU.txt,Registro de marca da empresa,Lido integralmente,https://github.com/lucasnascimento2tech-beep/contextomercado/blob/cf3e8b2d1cfb66d10114852487f7afe092d87560/SmLA3_P5xYU.txt
214,SUaANO3yqd8,SUaANO3yqd8.txt,Treinamento02 calculo valor liberado consignado,Lido integralmente,https://github.com/lucasnascimento2tech-beep/contextomercado/blob/cf3e8b2d1cfb66d10114852487f7afe092d87560/SUaANO3yqd8.txt
215,SYBDpwDUh2s,SYBDpwDUh2s.txt,SOMA - sistema gratuito CLT e CRM,Lido integralmente,https://github.com/lucasnascimento2tech-beep/contextomercado/blob/cf3e8b2d1cfb66d10114852487f7afe092d87560/SYBDpwDUh2s.txt
216,t7EvafTo4ws,t7EvafTo4ws.txt,Certification in ten days,Lido integralmente,https://github.com/lucasnascimento2tech-beep/contextomercado/blob/cf3e8b2d1cfb66d10114852487f7afe092d87560/t7EvafTo4ws.txt
217,tB3ffpiu0-M,tB3ffpiu0-M.txt,Building a sales script,Lido integralmente,https://github.com/lucasnascimento2tech-beep/contextomercado/blob/cf3e8b2d1cfb66d10114852487f7afe092d87560/tB3ffpiu0-M.txt
218,TDNpecj4BLw,TDNpecj4BLw.txt,Dica para futuros empreendedores,Lido integralmente,https://github.com/lucasnascimento2tech-beep/contextomercado/blob/cf3e8b2d1cfb66d10114852487f7afe092d87560/TDNpecj4BLw.txt
219,tLdCPHF5k8o,tLdCPHF5k8o.txt,Bank registration with Leve executive,Lido integralmente,https://github.com/lucasnascimento2tech-beep/contextomercado/blob/cf3e8b2d1cfb66d10114852487f7afe092d87560/tLdCPHF5k8o.txt
220,tNKw4o_0egM,tNKw4o_0egM.txt,2026 opportunities outlook,Lido integralmente,https://github.com/lucasnascimento2tech-beep/contextomercado/blob/cf3e8b2d1cfb66d10114852487f7afe092d87560/tNKw4o_0egM.txt
221,Tx4RBiscWPo,Tx4RBiscWPo.txt,Home based correspondent requirements,Lido integralmente,https://github.com/lucasnascimento2tech-beep/contextomercado/blob/cf3e8b2d1cfb66d10114852487f7afe092d87560/Tx4RBiscWPo.txt
222,TzlnRQL6Wyg,TzlnRQL6Wyg.txt,Gestao financeira - capital e retirada,Lido integralmente,https://github.com/lucasnascimento2tech-beep/contextomercado/blob/cf3e8b2d1cfb66d10114852487f7afe092d87560/TzlnRQL6Wyg.txt
223,U88JvvYDw4Q,U88JvvYDw4Q.txt,Confianca do cliente no fechamento,Lido integralmente,https://github.com/lucasnascimento2tech-beep/contextomercado/blob/cf3e8b2d1cfb66d10114852487f7afe092d87560/U88JvvYDw4Q.txt
224,uJy-0v_ve9k,uJy-0v_ve9k.txt,Beware new year credit market,Lido integralmente,https://github.com/lucasnascimento2tech-beep/contextomercado/blob/cf3e8b2d1cfb66d10114852487f7afe092d87560/uJy-0v_ve9k.txt
225,ULTdnUEbPpo,ULTdnUEbPpo.txt,iCred FGTS entrevista Tulio,Lido integralmente,https://github.com/lucasnascimento2tech-beep/contextomercado/blob/cf3e8b2d1cfb66d10114852487f7afe092d87560/ULTdnUEbPpo.txt
226,uN3awhBBZIY,uN3awhBBZIY.txt,CloudCall automatic dialer operations,Lido integralmente,https://github.com/lucasnascimento2tech-beep/contextomercado/blob/cf3e8b2d1cfb66d10114852487f7afe092d87560/uN3awhBBZIY.txt
227,uWJ3UVGjyMM,uWJ3UVGjyMM.txt,Selling payroll refinancing,Lido integralmente,https://github.com/lucasnascimento2tech-beep/contextomercado/blob/cf3e8b2d1cfb66d10114852487f7afe092d87560/uWJ3UVGjyMM.txt
228,UxLo-jX-aF8,UxLo-jX-aF8.txt,Renda extra por indicacao Indique,Lido integralmente,https://github.com/lucasnascimento2tech-beep/contextomercado/blob/cf3e8b2d1cfb66d10114852487f7afe092d87560/UxLo-jX-aF8.txt
229,uzUaZsXpz0o,uzUaZsXpz0o.txt,Preventing cancelled proposals,Lido integralmente,https://github.com/lucasnascimento2tech-beep/contextomercado/blob/cf3e8b2d1cfb66d10114852487f7afe092d87560/uzUaZsXpz0o.txt
230,vffHWn532dU,vffHWn532dU.txt,Preventing disputes,Lido integralmente,https://github.com/lucasnascimento2tech-beep/contextomercado/blob/cf3e8b2d1cfb66d10114852487f7afe092d87560/vffHWn532dU.txt
231,vjNnw6vCqjo,vjNnw6vCqjo.txt,All Febraban certifications,Lido integralmente,https://github.com/lucasnascimento2tech-beep/contextomercado/blob/cf3e8b2d1cfb66d10114852487f7afe092d87560/vjNnw6vCqjo.txt
232,VyKGE7_ffdM,VyKGE7_ffdM.txt,Three corban success rules,Lido integralmente,https://github.com/lucasnascimento2tech-beep/contextomercado/blob/cf3e8b2d1cfb66d10114852487f7afe092d87560/VyKGE7_ffdM.txt
233,w-JYaMMb7Ug,w-JYaMMb7Ug.txt,ABECIP January qualification,Lido integralmente,https://github.com/lucasnascimento2tech-beep/contextomercado/blob/cf3e8b2d1cfb66d10114852487f7afe092d87560/w-JYaMMb7Ug.txt
234,WLxElPV8qGc,WLxElPV8qGc.txt,Aumento de margem - simulador2025,Lido integralmente,https://github.com/lucasnascimento2tech-beep/contextomercado/blob/cf3e8b2d1cfb66d10114852487f7afe092d87560/WLxElPV8qGc.txt
235,WoU3ROhMNbc,WoU3ROhMNbc.txt,Melhores empresas2024 - enquete,Lido integralmente,https://github.com/lucasnascimento2tech-beep/contextomercado/blob/cf3e8b2d1cfb66d10114852487f7afe092d87560/WoU3ROhMNbc.txt
236,WPS80xEVSXY,WPS80xEVSXY.txt,Become correspondent from scratch,Lido integralmente,https://github.com/lucasnascimento2tech-beep/contextomercado/blob/cf3e8b2d1cfb66d10114852487f7afe092d87560/WPS80xEVSXY.txt
237,wVTppP7FDi4,wVTppP7FDi4.txt,FGTS AI assistant,Lido integralmente,https://github.com/lucasnascimento2tech-beep/contextomercado/blob/cf3e8b2d1cfb66d10114852487f7afe092d87560/wVTppP7FDi4.txt
238,x0IwSi5VQhA,x0IwSi5VQhA.txt,Anti Black Friday final call,Lido integralmente,https://github.com/lucasnascimento2tech-beep/contextomercado/blob/cf3e8b2d1cfb66d10114852487f7afe092d87560/x0IwSi5VQhA.txt
239,xAKP0_EyVk0,xAKP0_EyVk0.txt,Managing monthly sales targets,Lido integralmente,https://github.com/lucasnascimento2tech-beep/contextomercado/blob/cf3e8b2d1cfb66d10114852487f7afe092d87560/xAKP0_EyVk0.txt
240,XhasXiAD_DU,XhasXiAD_DU.txt,O que e mercado de credito,Lido integralmente,https://github.com/lucasnascimento2tech-beep/contextomercado/blob/cf3e8b2d1cfb66d10114852487f7afe092d87560/XhasXiAD_DU.txt
241,xPiWqZO1zOU,xPiWqZO1zOU.txt,Missao Corban Black,Lido integralmente,https://github.com/lucasnascimento2tech-beep/contextomercado/blob/cf3e8b2d1cfb66d10114852487f7afe092d87560/xPiWqZO1zOU.txt
242,xXE_s5xy7FE,xXE_s5xy7FE.txt,2024 portability opportunity,Lido integralmente,https://github.com/lucasnascimento2tech-beep/contextomercado/blob/cf3e8b2d1cfb66d10114852487f7afe092d87560/xXE_s5xy7FE.txt
243,xyICNpQaVc0,xyICNpQaVc0.txt,CEA earnings by experience,Lido integralmente,https://github.com/lucasnascimento2tech-beep/contextomercado/blob/cf3e8b2d1cfb66d10114852487f7afe092d87560/xyICNpQaVc0.txt
244,Xyz6n0lVaGI,Xyz6n0lVaGI.txt,Franquias contratar ou nao,Lido integralmente,https://github.com/lucasnascimento2tech-beep/contextomercado/blob/cf3e8b2d1cfb66d10114852487f7afe092d87560/Xyz6n0lVaGI.txt
245,Y1OMmIFxdjY,Y1OMmIFxdjY.txt,Aumentar vendas FGTS MyLink,Lido integralmente,https://github.com/lucasnascimento2tech-beep/contextomercado/blob/cf3e8b2d1cfb66d10114852487f7afe092d87560/Y1OMmIFxdjY.txt
246,Y5l4u-mhNao,Y5l4u-mhNao.txt,January most important month,Lido integralmente,https://github.com/lucasnascimento2tech-beep/contextomercado/blob/cf3e8b2d1cfb66d10114852487f7afe092d87560/Y5l4u-mhNao.txt
247,yLXLjn5T97E,yLXLjn5T97E.txt,2023-2026 market narrative,Lido integralmente,https://github.com/lucasnascimento2tech-beep/contextomercado/blob/cf3e8b2d1cfb66d10114852487f7afe092d87560/yLXLjn5T97E.txt
248,YOI-G0UmPYw,YOI-G0UmPYw.txt,Treinamento03 refin saldo devedor,Lido integralmente,https://github.com/lucasnascimento2tech-beep/contextomercado/blob/cf3e8b2d1cfb66d10114852487f7afe092d87560/YOI-G0UmPYw.txt
249,YqwTaBUX1Do,YqwTaBUX1Do.txt,Portabilidade06 acompanhamento proposta,Lido integralmente,https://github.com/lucasnascimento2tech-beep/contextomercado/blob/cf3e8b2d1cfb66d10114852487f7afe092d87560/YqwTaBUX1Do.txt
250,YTuosC31jWU,YTuosC31jWU.txt,Home office certifications video 3,Lido integralmente,https://github.com/lucasnascimento2tech-beep/contextomercado/blob/cf3e8b2d1cfb66d10114852487f7afe092d87560/YTuosC31jWU.txt
251,YXEkvNLIx2g,YXEkvNLIx2g.txt,Febraban tips and bank registration,Lido integralmente,https://github.com/lucasnascimento2tech-beep/contextomercado/blob/cf3e8b2d1cfb66d10114852487f7afe092d87560/YXEkvNLIx2g.txt
252,yXfBRNFD6LQ,yXfBRNFD6LQ.txt,Payroll product tradeoffs,Lido integralmente,https://github.com/lucasnascimento2tech-beep/contextomercado/blob/cf3e8b2d1cfb66d10114852487f7afe092d87560/yXfBRNFD6LQ.txt
253,Yz01xX73_dw,Yz01xX73_dw.txt,O que nao fazer ao empreender,Lido integralmente,https://github.com/lucasnascimento2tech-beep/contextomercado/blob/cf3e8b2d1cfb66d10114852487f7afe092d87560/Yz01xX73_dw.txt
254,Z9NLrVIOHy0,Z9NLrVIOHy0.txt,Autorregulacao parte2,Lido integralmente,https://github.com/lucasnascimento2tech-beep/contextomercado/blob/cf3e8b2d1cfb66d10114852487f7afe092d87560/Z9NLrVIOHy0.txt
255,zdWwxP7mS04,zdWwxP7mS04.txt,CPA20 earnings by experience,Lido integralmente,https://github.com/lucasnascimento2tech-beep/contextomercado/blob/cf3e8b2d1cfb66d10114852487f7afe092d87560/zdWwxP7mS04.txt
256,ZjiCpLRtIgU,ZjiCpLRtIgU.txt,Vender consignado homeoffice,Lido integralmente,https://github.com/lucasnascimento2tech-beep/contextomercado/blob/cf3e8b2d1cfb66d10114852487f7afe092d87560/ZjiCpLRtIgU.txt
257,Zrfnwu71QzU,Zrfnwu71QzU.txt,Vendedor faixa preta BlackFriday,Lido integralmente,https://github.com/lucasnascimento2tech-beep/contextomercado/blob/cf3e8b2d1cfb66d10114852487f7afe092d87560/Zrfnwu71QzU.txt
